DÃ­a,Interlocut,Cliente,Latitud,Longitud,Pedido,Real,T.Ruta,Cluster
lunes,210359,6361622,-12.09562,-76.92462,8.61,8.61,R.Principal,0
lunes,210359,6354140,-12.095664,-76.924533,7.15,7.15,R.Principal,0
lunes,210359,6349258,-12.084698,-76.925108,1.2200000000000002,1.2200000000000002,R.Principal,0
lunes,210359,6431025,-12.092074,-76.899924,2.19,2.19,R.Principal,0
lunes,210359,6341639,-12.078313,-76.899132,13.66,13.66,R.Principal,0
lunes,210359,6377829,-12.087001,-76.935886,7.53,7.53,R.Principal,0
lunes,210359,11631600,-12.083508,-76.898088,3.72,3.72,R.Principal,0
lunes,210359,11661233,-12.08359,-76.89775,29.689999999999998,29.689999999999998,R.Principal,0
lunes,210359,6346229,-12.083769,-76.897756,8.495000000000001,8.495000000000001,R.Principal,0
lunes,210359,6348464,-12.08609,-76.88926,4.7,4.7,R.Principal,0
lunes,210359,6346206,-12.082771,-76.898143,25.745000000000005,25.745000000000005,R.Principal,0
lunes,210359,11639683,-12.0825453,-76.9337054,1.68,1.68,R.Principal,0
lunes,210359,11664231,-12.0823885,-76.9279093,7.0,7.0,R.Principal,0
lunes,210370,11678748,-12.0827718,-76.9282927,5.0,5.0,R.Secundario,0
lunes,210359,6431029,-12.08976,-76.90017,4.42,4.42,R.Principal,0
lunes,210359,11633255,-12.08579,-76.913,1.6900000000000002,1.6900000000000002,R.Principal,0
lunes,210359,6341289,-12.081647,-76.927702,6.0,6.0,R.Principal,0
lunes,210359,6349565,-12.083651,-76.898034,7.785,7.785,R.Principal,0
lunes,210359,6350271,-12.08492,-76.92489,1.12,1.12,R.Principal,0
lunes,210359,11634821,-12.0952,-76.92381,1.12,1.12,R.Principal,0
lunes,210359,6419760,-12.0844287,-76.9205168,3.64,3.64,R.Principal,0
lunes,210359,6353948,-12.083129,-76.897688,15.23,15.23,R.Principal,0
lunes,210359,11645128,-12.09551,-76.92432,1.92,1.92,R.Principal,0
lunes,210359,6431026,-12.0899757,-76.9024618,2.965,2.965,R.Principal,0
lunes,210359,6340075,-12.084258,-76.928339,37.72500000000001,37.72500000000001,R.Principal,0
lunes,210359,11598937,-12.0832337,-76.9054392,4.72,4.72,R.Principal,0
lunes,210362,11641993,-11.966657,-77.089026,16.72,16.72,R.Principal,1
lunes,210362,11653623,-11.96688,-77.08923,13.138000000000002,13.138000000000002,R.Principal,1
lunes,210362,11637659,-11.964909,-77.091197,5.74,5.74,R.Principal,1
lunes,210362,11639925,-11.96678,-77.08891,5.255,5.255,R.Principal,1
lunes,210362,11663017,-11.95988,-77.09646,6.06,6.06,R.Principal,1
lunes,210362,11655220,-11.96596,-77.09023,12.864999999999998,12.864999999999998,R.Principal,1
lunes,210362,11665372,-11.9650944,-77.0918594,4.1,4.1,R.Principal,1
lunes,210362,11653622,-11.9598,-77.0966,8.4,8.4,R.Principal,1
lunes,210362,11667316,-11.9628716,-77.0936252,1.48,1.48,R.Principal,1
lunes,210362,11647439,-11.95973,-77.09648,12.040000000000001,12.040000000000001,R.Principal,1
lunes,210362,11674826,-11.9594941,-77.0966562,3.3,3.3,R.Principal,1
lunes,210362,11663018,-11.95881,-77.09456,0.375,0.375,R.Principal,1
lunes,210362,11661897,-11.96691,-77.09063,2.675,2.675,R.Principal,1
lunes,210362,11683103,-11.9684915,-77.0890542,7.199999999999999,7.199999999999999,R.Principal,1
lunes,210362,11683339,-11.966737,-77.0895839,1.4,1.4,R.Principal,1
lunes,210362,11665129,-11.9662835,-77.08978,4.5,4.5,R.Principal,1
lunes,210362,11647438,-11.9622477,-77.0942304,9.68,9.68,R.Principal,1
lunes,210362,11657968,-11.96688,-77.09006,26.325,26.325,R.Principal,1
lunes,210362,11668296,-11.9602693,-77.0924861,1.4849999999999999,1.4849999999999999,R.Principal,1
lunes,210362,11637056,-11.96633,-77.09009,4.3500000000000005,4.3500000000000005,R.Principal,1
lunes,210355,11635860,-12.02521,-77.00228,5.66,5.66,R.Principal,2
lunes,210355,11608194,-12.02916,-77.01091,5.34,5.34,R.Principal,2
lunes,210355,6342985,-12.02549,-77.009449,29.54,29.54,R.Principal,2
lunes,210355,6348008,-12.02249166,-77.00170319,10.555,10.555,R.Principal,2
lunes,210355,11656910,-12.02721,-76.99974,2.04,2.04,R.Principal,2
lunes,210355,11608748,-12.02705,-77.00552,9.915,9.915,R.Principal,2
lunes,210355,11608195,-12.02658,-77.00427,1.0,1.0,R.Principal,2
lunes,210355,11653469,-12.0209,-77.00113,3.8550000000000004,3.8550000000000004,R.Principal,2
lunes,210355,11660968,-12.02408,-77.00266,4.0,4.0,R.Principal,2
lunes,210355,11661547,-12.02406,-77.00266,2.8649999999999998,2.8649999999999998,R.Principal,2
lunes,210355,11659897,-12.02212,-77.00177,2.52,2.52,R.Principal,2
lunes,210355,11608740,-12.02833,-77.01177,3.05,3.05,R.Principal,2
lunes,210355,11629752,-12.02395,-77.00262,11.754999999999999,11.754999999999999,R.Principal,2
lunes,210355,6341315,-12.026453,-77.004138,3.0,3.0,R.Principal,2
lunes,210355,11634191,-12.02396,-77.0026,2.83,2.83,R.Principal,2
lunes,210355,11675772,-12.0239132,-77.0080507,4.52,4.52,R.Principal,2
lunes,210355,11677245,-12.0266977,-77.0032736,1.12,0.0,R.Principal,2
lunes,210355,11653396,-12.03054,-77.01281,28.0,28.0,R.Principal,2
lunes,210355,11674653,-12.0305183,-77.0128104,54.975,54.975,R.Principal,2
lunes,210355,11659766,-12.03067,-77.01072,1.12,0.0,R.Principal,2
lunes,210355,11632536,-12.02612,-77.00179,2.95,2.95,R.Principal,2
lunes,210355,11680408,-12.0273204,-77.0067862,1.575,1.575,R.Principal,2
lunes,210355,11618033,-12.02388,-77.00249,1.12,0.0,R.Principal,2
lunes,210374,11674332,-12.0911807,-77.0284634,0.5,0.5,R.Principal,3
lunes,210374,11682733,-12.0922452,-77.0465559,14.35,14.35,R.Principal,3
lunes,210374,6344948,-12.10709,-77.03812,17.27,17.27,R.Principal,3
lunes,210374,11637668,-12.10468,-77.04569,9.0,9.0,R.Principal,3
lunes,210374,11683099,-12.092164,-77.0268663,31.66,31.66,R.Principal,3
lunes,210374,11540106,-12.0922151,-77.0450396,21.279999999999998,21.279999999999998,R.Principal,3
lunes,210374,6345416,-12.09506,-77.037872,17.0,17.0,R.Principal,3
lunes,210374,11665405,-12.0892927,-77.04788,3.0,3.0,R.Principal,3
lunes,210374,6341892,-12.0960052,-77.036572,75.22,75.22,R.Principal,3
lunes,210374,6350433,-12.0915409,-77.0302482,17.8,17.8,R.Principal,3
lunes,210374,6341320,-12.0975962,-77.0384952,52.0,52.0,R.Principal,3
lunes,210374,6341804,-12.0912923,-77.0396855,11.64,11.64,R.Principal,3
lunes,210374,11553771,-12.1063005,-77.0366698,48.64,48.64,R.Principal,3
lunes,210374,6346611,-12.09495,-77.05094,5.02,5.02,R.Principal,3
lunes,210374,6358052,-12.1059185,-77.0388042,30.0,30.0,R.Principal,3
lunes,210374,11615523,-12.094924,-77.038539,4.3,4.3,R.Principal,3
lunes,210374,6430355,-12.086618,-77.033944,11.0,11.0,R.Principal,3
lunes,210374,11682732,-12.0906637,-77.0269919,12.15,12.15,R.Principal,3
lunes,210374,6413562,-12.07762,-77.03653,4.8999999999999995,4.8999999999999995,R.Principal,3
lunes,210374,11611790,-12.0860029,-77.0312329,1.2,1.2,R.Principal,3
lunes,210374,11617616,-12.0851944,-77.0391772,66.05,66.05,R.Principal,3
lunes,210374,6342018,-12.085561,-77.032957,4.0,4.0,R.Principal,3
lunes,210374,11663120,-12.08618,-77.034,8.5,8.5,R.Principal,3
lunes,210374,11642698,-12.08599,-77.04461,8.48,8.48,R.Principal,3
lunes,210374,11557599,-12.0903796,-77.0347632,10.6,10.6,R.Principal,3
lunes,210374,6392069,-12.08683,-77.04421,2.2399999999999998,2.2399999999999998,R.Principal,3
lunes,210374,11643734,-12.0973449,-77.0490143,117.4,117.4,R.Principal,3
lunes,210353,11648043,-11.8349057,-77.022597,7.364999999999999,7.364999999999999,R.Principal,4
lunes,210353,11675962,-11.8546939,-77.0372023,9.575,9.575,R.Principal,4
lunes,210353,11665839,-11.8600489,-77.0458853,3.1599999999999997,3.1599999999999997,R.Principal,4
lunes,210353,11664171,-11.85999,-77.04688,5.680000000000001,5.680000000000001,R.Principal,4
lunes,210353,11675963,-11.855047,-77.0375147,3.5,3.5,R.Principal,4
lunes,210353,11667578,-11.8623349,-77.0476922,4.11,4.11,R.Principal,4
lunes,210354,11641361,-11.94148,-76.97361,4.859999999999999,4.859999999999999,R.Principal,5
lunes,210354,11552504,-11.93283,-76.9694,2.24,0.0,R.Principal,5
lunes,210354,6353135,-11.942824,-76.982513,3.04,3.04,R.Principal,5
lunes,210354,11637950,-11.9377,-76.97809,5.84,5.84,R.Principal,5
lunes,210354,11648519,-11.94191,-76.97526,2.24,2.24,R.Principal,5
lunes,210354,11648015,-11.93607,-76.96988,4.28,4.28,R.Principal,5
lunes,210354,11552507,-11.942298,-76.974325,0.54,0.54,R.Principal,5
lunes,210354,11634834,-11.93609,-76.97161,1.48,1.48,R.Principal,5
lunes,210354,11644593,-11.94164,-76.97364,4.48,4.48,R.Principal,5
lunes,210354,11648016,-11.93557,-76.97148,1.72,1.72,R.Principal,5
lunes,210354,11556220,-11.940196,-76.971862,2.91,2.91,R.Principal,5
lunes,210354,6427011,-11.94523,-76.978678,4.8,4.8,R.Principal,5
lunes,210354,11634536,-11.93557,-76.97153,1.12,1.12,R.Principal,5
lunes,210354,6426069,-11.9355,-76.978647,2.08,2.08,R.Principal,5
lunes,210354,11617361,-11.945406,-76.978952,11.690000000000001,11.690000000000001,R.Principal,5
lunes,210354,11671015,-11.9420946,-76.9821281,3.12,3.12,R.Principal,5
lunes,210354,11616784,-11.93875,-76.97869,8.0,8.0,R.Principal,5
lunes,210354,11654662,-11.94101,-76.98139,17.96,17.96,R.Principal,5
lunes,210354,6353310,-11.936954,-76.971003,7.21,7.21,R.Principal,5
lunes,210354,11643850,-11.94316,-76.97515,2.24,2.24,R.Principal,5
lunes,210354,11637647,-11.94349,-76.98153,17.425,17.425,R.Principal,5
lunes,210354,6352701,-11.945959,-76.978094,1.6,1.6,R.Principal,5
lunes,210354,6353658,-11.9362974,-76.9716038,8.879999999999999,8.879999999999999,R.Principal,5
lunes,210354,6355760,-11.934856,-76.9778424,5.76,5.76,R.Principal,5
lunes,210354,11658745,-11.94066,-76.97128,2.38,2.38,R.Principal,5
lunes,210354,6436149,-11.946497,-76.977285,4.9399999999999995,4.9399999999999995,R.Principal,5
lunes,210354,11552132,-11.9423037,-76.972639,2.24,2.24,R.Principal,5
lunes,210354,11682564,-11.9419928,-76.9739161,2.8600000000000003,2.8600000000000003,R.Principal,5
lunes,210354,11634832,-11.93609,-76.97155,2.04,2.04,R.Principal,5
lunes,210354,11651322,-11.94385,-76.97615,2.24,2.24,R.Principal,5
lunes,210354,6417582,-11.94351,-76.98168,3.4000000000000004,3.4000000000000004,R.Principal,5
lunes,210354,11659019,-11.93431,-76.97871,1.52,1.52,R.Principal,5
lunes,210354,11649001,-11.9435,-76.98157,3.36,3.36,R.Principal,5
lunes,210354,11614982,-11.9418,-76.97399,2.24,2.24,R.Principal,5
lunes,210354,6362151,-11.943759,-76.976576,3.36,3.36,R.Principal,5
lunes,210354,11656380,-11.94522,-76.97863,0.375,0.375,R.Principal,5
lunes,210354,11646758,-11.93834,-76.97839,2.4,2.4,R.Principal,5
lunes,204561,6425281,-12.0474741,-77.1113943,15.0,15.0,R.Principal,6
lunes,204561,6348708,-12.048077,-77.1100065,74.69999999999999,51.8,R.Principal,6
lunes,204561,6422725,-12.0479,-77.11009,109.2,109.2,R.Principal,6
lunes,204561,11600251,-12.0477022,-77.1112059,36.82,36.82,R.Principal,6
lunes,204561,11626748,-12.047824,-77.111857,35.2,0.0,R.Principal,6
lunes,204561,11616414,-12.0479486,-77.1099236,44.0,20.0,R.Principal,6
lunes,204561,11602830,-12.047757,-77.111457,71.28,48.88,R.Principal,6
lunes,204561,11603953,-12.0485366,-77.1103532,25.0,0.0,R.Principal,6
lunes,210368,6435409,-12.02202,-77.10794,60.0,60.0,R.Principal,6
lunes,204561,11662046,-12.0477705,-77.1112827,24.4,22.0,R.Principal,6
lunes,204561,11675436,-12.0489602,-77.1108359,8.9,8.9,R.Principal,6
lunes,204561,11678377,-12.0477632,-77.1114334,34.269999999999996,26.27,R.Principal,6
lunes,210348,11674718,-12.0438891,-77.0975698,2.9499999999999997,2.9499999999999997,R.Principal,6
lunes,210348,11667760,-12.0423521,-77.0948346,3.1,3.1,R.Principal,6
lunes,210348,11634676,-12.04367,-77.10207,11.07,11.07,R.Principal,6
lunes,210348,11660605,-12.04334,-77.11476,3.425,3.425,R.Principal,6
lunes,210348,11635406,-12.0437,-77.10223,1.08,1.08,R.Principal,6
lunes,210348,11677799,-12.0450524,-77.1016427,3.3600000000000003,2.16,R.Principal,6
lunes,210348,11680560,-12.0460682,-77.1082098,2.8200000000000003,0.5,R.Principal,6
lunes,210348,11680557,-12.0425,-77.118213,1.245,1.245,R.Principal,6
lunes,210348,6345336,-12.05297,-77.09599,23.2,4.0,R.Principal,6
lunes,210348,6412508,-12.053339,-77.093675,6.3999999999999995,6.3999999999999995,R.Principal,6
lunes,210348,11680559,-12.0422809,-77.1181503,7.140000000000001,7.140000000000001,R.Principal,6
lunes,210348,11651103,-12.04267,-77.09662,1.08,1.08,R.Principal,6
lunes,210348,11598691,-12.0413178,-77.0926457,4.385,3.075,R.Principal,6
lunes,210348,11658626,-12.03938,-77.09006,12.140000000000002,12.140000000000002,R.Principal,6
lunes,210348,11602855,-12.0422812,-77.0962329,1.3,1.3,R.Principal,6
lunes,210348,11546439,-12.042273,-77.096117,3.36,3.36,R.Principal,6
lunes,210348,6349470,-12.04162798,-77.09620363,29.49,22.29,R.Principal,6
lunes,210348,11666729,-12.040102,-77.089839,15.9,15.9,R.Principal,6
lunes,210348,11660131,-12.04015,-77.0908,3.8499999999999996,1.05,R.Principal,6
lunes,210348,11667272,-12.0403548,-77.097832,4.96,4.96,R.Principal,6
lunes,210350,11598161,-12.024814,-77.060585,3.575,3.575,R.Principal,7
lunes,210350,6349097,-12.0261,-77.0597,4.0200000000000005,4.0200000000000005,R.Principal,7
lunes,210350,11598170,-12.021994,-77.061073,19.439999999999998,19.439999999999998,R.Principal,7
lunes,210347,11602921,-12.03899,-77.05121,3.2800000000000002,3.2800000000000002,R.Principal,7
lunes,210350,11659194,-12.02509,-77.06021,1.6,0.0,R.Principal,7
lunes,210350,11597798,-12.021691,-77.061835,9.2,8.2,R.Principal,7
lunes,210350,6357769,-12.02532,-77.0598,14.04,13.04,R.Principal,7
lunes,210350,11641490,-12.01902,-77.06155,5.055,5.055,R.Principal,7
lunes,210350,11602108,-12.0254,-77.0644,10.515,10.515,R.Principal,7
lunes,210347,11682287,-12.0383631,-77.0498032,25.759999999999998,25.2,R.Principal,7
lunes,210350,11643699,-12.0242674,-77.0600232,1.1750000000000003,1.1750000000000003,R.Principal,7
lunes,210350,11633902,-12.02566,-77.05936,11.495,11.495,R.Principal,7
lunes,210350,11623909,-12.03033,-77.06165,1.52,1.52,R.Principal,7
lunes,210350,11602970,-12.033415,-77.062677,4.800000000000001,3.6799999999999997,R.Principal,7
lunes,210350,11633218,-12.03193,-77.05779,2.56,2.56,R.Principal,7
lunes,210347,11630115,-12.03801,-77.05533,9.925,9.925,R.Principal,7
lunes,210347,11601070,-12.0435438,-77.0499143,9.08,1.88,R.Principal,7
lunes,210347,11599219,-12.043723,-77.05145,3.04,2.48,R.Principal,7
lunes,210347,11598830,-12.0380166,-77.0490762,5.16,5.16,R.Principal,7
lunes,210347,11682286,-12.0380492,-77.055329,11.392000000000001,9.152000000000001,R.Principal,7
lunes,210350,11641868,-12.01909,-77.06251,4.93,4.93,R.Principal,7
lunes,210347,11648365,-12.0389486,-77.0514078,11.96,11.96,R.Principal,7
lunes,210350,11661722,-12.02494,-77.06018,2.075,2.075,R.Principal,7
lunes,210347,11603914,-12.03839,-77.049249,1.6800000000000002,1.6800000000000002,R.Principal,7
lunes,210347,11661717,-12.03674,-77.04966,1.5,1.5,R.Principal,7
lunes,210347,11671090,-12.0391718,-77.0507987,1.385,0.825,R.Principal,7
lunes,210347,11676376,-12.0443425,-77.0505846,1.08,1.08,R.Principal,7
lunes,210347,11597609,-12.051007,-77.063643,15.174999999999999,15.174999999999999,R.Principal,7
lunes,210350,11632379,-12.0262228,-77.0587968,16.8,16.8,R.Principal,7
lunes,210347,11653627,-12.03843,-77.05126,18.0,18.0,R.Principal,7
lunes,210347,11633217,-12.0421865,-77.0511673,1.48,1.48,R.Principal,7
lunes,210347,11639574,-12.04257,-77.05048,0.54,0.54,R.Principal,7
lunes,210347,11658618,-12.03814,-77.05359,3.98,3.42,R.Principal,7
lunes,210347,11641980,-12.03898,-77.05222,9.0,9.0,R.Principal,7
lunes,210347,11596799,-12.037533,-77.049286,23.779999999999998,23.779999999999998,R.Principal,7
lunes,210372,11572972,-12.0553951,-77.0594069,12.5,12.5,R.Principal,7
lunes,210372,11646686,-12.0565,-77.0621,8.0,8.0,R.Principal,7
lunes,210350,11684578,-12.0349015,-77.059357,4.18,4.18,R.Principal,7
lunes,210350,11668144,-12.0273745,-77.0648485,4.2,3.08,R.Principal,7
lunes,210350,11661724,-12.03279,-77.06157,1.8,1.8,R.Principal,7
lunes,210350,11631825,-12.03182,-77.05784,10.83,3.63,R.Principal,7
lunes,210350,11677258,-12.0252389,-77.0604114,3.8949999999999996,3.8949999999999996,R.Principal,7
lunes,210350,11676821,-12.032678,-77.0581187,0.54,0.54,R.Principal,7
lunes,210350,11676201,-12.0291355,-77.059056,5.25,5.25,R.Principal,7
lunes,210350,11674486,-12.0319866,-77.0579298,30.8,23.6,R.Principal,7
lunes,210350,11668138,-12.03382,-77.0543071,3.335,3.335,R.Principal,7
lunes,210350,11665138,-12.0265151,-77.0684985,3.2,3.2,R.Principal,7
lunes,210350,11603192,-12.0307473,-77.0612687,3.47,2.35,R.Principal,7
lunes,210372,11595668,-12.05515,-77.05111,2.96,2.96,R.Principal,7
lunes,210356,11550216,-12.054627,-76.980154,5.359999999999999,5.359999999999999,R.Principal,8
lunes,210356,11564413,-12.042827,-76.979597,8.9,8.9,R.Principal,8
lunes,210356,11639928,-12.044,-76.97906,3.63,3.63,R.Principal,8
lunes,210356,11620089,-12.040739,-76.983655,1.44,1.44,R.Principal,8
lunes,210356,6432331,-12.044593,-76.979524,2.84,2.84,R.Principal,8
lunes,210356,6341367,-12.053428,-76.976861,9.375,9.375,R.Principal,8
lunes,210368,11685218,-12.0603174,-76.9783488,47.3,47.3,R.Principal,8
lunes,210370,11675685,-12.0436949,-76.97959,37.35,0.0,R.Secundario,8
lunes,210356,11636477,-12.04236,-76.97811,3.5599999999999996,3.5599999999999996,R.Principal,8
lunes,210356,6392091,-12.0535142,-76.9803466,13.489999999999998,13.489999999999998,R.Principal,8
lunes,210356,6357370,-12.0419641,-76.9852335,1.2,1.2,R.Principal,8
lunes,210356,6412641,-12.040711,-76.983978,1.1600000000000001,1.1600000000000001,R.Principal,8
lunes,210356,11668495,-12.0542998,-76.979823,1.74,1.74,R.Principal,8
lunes,210356,6356524,-12.044181,-76.978609,20.5,20.5,R.Principal,8
lunes,210356,11672851,-12.0542359,-76.982446,3.3600000000000003,3.3600000000000003,R.Principal,8
lunes,210356,11681995,-12.0545398,-76.9797098,2.705,2.705,R.Principal,8
lunes,210356,11686301,-12.0534259,-76.9762445,4.085,4.085,R.Principal,8
lunes,210356,11677800,-12.0415123,-76.9793076,1.08,1.08,R.Principal,8
lunes,210356,11666278,-12.0453,-76.97998,1.68,1.68,R.Principal,8
lunes,210356,11667420,-12.051181,-76.9777406,11.239999999999998,11.239999999999998,R.Principal,8
lunes,210356,11675778,-12.0543738,-76.9806688,5.48,5.48,R.Principal,8
lunes,210356,11673364,-12.0533287,-76.9761283,5.84,5.84,R.Principal,8
lunes,210356,11671333,-12.0422388,-76.9840256,1.68,1.68,R.Principal,8
lunes,210356,11687106,-12.0529134,-76.9813181,2.5,2.5,R.Principal,8
lunes,210356,11656918,-12.03458,-76.98763,1.3900000000000001,1.3900000000000001,R.Principal,8
lunes,210356,11613342,-12.054685,-76.978572,3.875,3.875,R.Principal,8
lunes,210356,11637152,-12.03426,-76.98679,5.505000000000001,5.505000000000001,R.Principal,8
lunes,210356,11647112,-12.03427,-76.98676,5.475,5.475,R.Principal,8
lunes,210356,11660133,-12.05482,-76.97715,8.825,8.825,R.Principal,8
lunes,210356,11660257,-12.03386,-76.98822,1.6400000000000001,1.6400000000000001,R.Principal,8
lunes,210356,11543584,-12.034249,-76.986691,3.0999999999999996,3.0999999999999996,R.Principal,8
lunes,210356,11673036,-12.0333955,-76.9873825,2.7399999999999998,2.7399999999999998,R.Principal,8
lunes,210356,6357196,-12.034318,-76.986864,2.88,2.88,R.Principal,8
lunes,210356,11659800,-12.03219,-76.98793,1.9899999999999998,1.9899999999999998,R.Principal,8
lunes,210356,11641874,-12.05121,-76.97862,1.6,1.6,R.Principal,8
lunes,210356,6349987,-12.0533631,-76.9803624,2.1,2.1,R.Principal,8
lunes,210356,11649421,-12.04308,-76.98423,6.32,6.32,R.Principal,8
lunes,210356,11649799,-12.05174,-76.97858,4.239999999999999,4.239999999999999,R.Principal,8
lunes,210356,6349436,-12.051967,-76.978809,7.06,7.06,R.Principal,8
lunes,210356,11667418,-12.0542951,-76.9794683,1.5899999999999999,1.5899999999999999,R.Principal,8
lunes,210356,11642122,-12.03686,-76.98744,5.119999999999999,5.119999999999999,R.Principal,8
lunes,210356,11665676,-12.0544469,-76.9818321,2.1599999999999997,2.1599999999999997,R.Principal,8
lunes,210356,6354811,-12.043344,-76.979426,5.695,5.695,R.Principal,8
lunes,210360,6430001,-11.9858556,-76.9378184,2.7,2.7,R.Principal,9
lunes,210360,6402791,-11.979081,-76.942024,1.92,1.92,R.Principal,9
lunes,210360,11638952,-11.97713,-76.94055,1.8599999999999999,1.8599999999999999,R.Principal,9
lunes,210360,11656118,-11.97313,-76.93954,17.48,17.48,R.Principal,9
lunes,210360,6362038,-11.97964,-76.94277,3.76,3.76,R.Principal,9
lunes,210360,11569821,-11.983344,-76.939558,4.56,4.56,R.Principal,9
lunes,210360,11658308,-11.97657,-76.94127,13.224,13.224,R.Principal,9
lunes,210360,6354430,-11.979589,-76.941815,2.16,2.16,R.Principal,9
lunes,210360,11580239,-11.9766672,-76.9409984,2.0,0.0,R.Principal,9
lunes,210360,6356866,-11.974046,-76.937338,3.52,3.52,R.Principal,9
lunes,210360,11553765,-11.9854848,-76.943488,2.44,2.44,R.Principal,9
lunes,210360,11676366,-11.9762147,-76.941006,0.6,0.6,R.Principal,9
lunes,210360,6361850,-11.9817083,-76.9464328,1.26,1.26,R.Principal,9
lunes,210360,11683705,-11.9691341,-76.9408163,2.0,0.0,R.Principal,9
lunes,210360,6355218,-11.9678968,-76.9418002,1.38,1.38,R.Principal,9
lunes,210360,11675771,-11.9763336,-76.9410709,8.040000000000001,8.040000000000001,R.Principal,9
lunes,210360,11547743,-11.9762601,-76.9413603,7.6,7.6,R.Principal,9
lunes,210374,6346613,-12.1026416,-77.0277036,45.0,45.0,R.Principal,10
lunes,210374,6345325,-12.0920642,-77.0250995,74.74000000000001,74.74000000000001,R.Principal,10
lunes,210375,11558697,-12.1269049,-77.0125833,2.4,2.4,R.Principal,10
lunes,210375,6341302,-12.12472,-77.03094,183.5,183.5,R.Principal,10
lunes,210375,6347421,-12.12918,-77.02866,29.0,29.0,R.Principal,10
lunes,210375,6340798,-12.13123,-77.02851,45.0,45.0,R.Principal,10
lunes,210375,6396006,-12.12326,-77.02877,52.2,52.2,R.Principal,10
lunes,210375,6340735,-12.128093,-77.0056138,34.61,34.61,R.Principal,10
lunes,210375,6423997,-12.11592,-77.04155,40.32,40.32,R.Principal,10
lunes,210375,6341179,-12.1188225,-77.0413929,60.0,60.0,R.Principal,10
lunes,210375,11610265,-12.11852,-77.02677,30.0,30.0,R.Principal,10
lunes,210375,11667586,-12.1262061,-77.0196845,0.9,0.9,R.Principal,10
lunes,210375,11558778,-12.1195679,-77.0241686,19.5,19.5,R.Principal,10
lunes,210375,6358085,-12.11672,-77.02451,188.64,188.64,R.Principal,10
lunes,210369,6240338,-12.1720563,-77.0138144,17.0,17.0,R.Principal,10
lunes,210369,11589086,-12.17695437,-77.01146011,1.94,1.94,R.Principal,10
lunes,210369,11560024,-12.145157,-77.011137,13.0,13.0,R.Principal,10
lunes,210369,6348264,-12.14302,-77.02546,7.28,7.28,R.Principal,10
lunes,210369,11670536,-12.1331201,-77.0200453,42.0,42.0,R.Principal,10
lunes,210371,6362517,-12.0926648,-77.0090474,6.0,6.0,R.Principal,10
lunes,210371,6341770,-12.09054,-77.00561,20.0,20.0,R.Principal,10
lunes,210371,6341327,-12.0972452,-77.0113567,12.0,12.0,R.Principal,10
lunes,210375,6340746,-12.13023,-77.02002,20.9,20.9,R.Principal,10
lunes,210371,6345703,-12.0586453,-77.0225659,6.0,6.0,R.Principal,10
lunes,210375,11683466,-12.1078964,-77.0180176,6.74,6.74,R.Principal,10
lunes,210375,11580777,-12.10425659,-77.01884747,2.38,2.38,R.Principal,10
lunes,210375,11655810,-12.10759,-77.01834,6.3199999999999985,6.3199999999999985,R.Principal,10
lunes,210375,11578456,-12.1148316,-77.0080154,11.36,11.36,R.Principal,10
lunes,210375,6421866,-12.11744,-77.00772,5.82,5.82,R.Principal,10
lunes,210374,6407746,-12.1023362,-77.0244839,3.0,3.0,R.Principal,10
lunes,210375,11557610,-12.1204963,-77.0051196,4.0,4.0,R.Principal,10
lunes,210375,6340742,-12.1078238,-77.0106592,30.0,30.0,R.Principal,10
lunes,210371,6340740,-12.09007,-77.01843,10.0,10.0,R.Principal,10
lunes,210374,6340748,-12.1026467,-77.0149242,14.0,14.0,R.Principal,10
lunes,204621,11664168,-11.9392133,-77.0668549,3.6,3.6,R.Secundario,11
lunes,204621,11640639,-11.938965,-77.066259,4.5,4.5,R.Secundario,11
lunes,204621,11631597,-11.939052,-77.066944,40.0,40.0,R.Secundario,11
lunes,204621,11625937,-11.9386838,-77.0653954,549.7,549.7,R.Secundario,11
lunes,204621,11640638,-11.938495,-77.067515,14.25,14.25,R.Secundario,11
lunes,204621,11635867,-11.93917,-77.067054,100.92,100.92,R.Secundario,11
lunes,204621,6405678,-11.93819,-77.0652,141.0,141.0,R.Secundario,11
lunes,204621,11633389,-11.9387761,-77.0658617,96.0,96.0,R.Secundario,11
lunes,204621,11667879,-11.9393151,-77.0672562,414.4,414.4,R.Secundario,11
lunes,204621,11683061,-11.9382832,-77.0710831,334.0,334.0,R.Secundario,11
lunes,204621,11686305,-11.9387542,-77.0658433,85.7,85.7,R.Secundario,11
lunes,204621,11686304,-11.9391341,-77.0669366,60.6,60.6,R.Secundario,11
lunes,204621,11688144,-11.939008,-77.0671396,256.84,256.84,R.Secundario,11
lunes,210362,11632268,-11.94548,-77.08753,7.455,7.455,R.Principal,11
lunes,210362,11655453,-11.94523,-77.08745,17.52,17.52,R.Principal,11
lunes,210349,11655226,-11.93755,-77.08037,1.12,1.12,R.Principal,11
lunes,210349,11653181,-11.936939,-77.079985,2.25,2.25,R.Principal,11
lunes,210349,11668648,-11.9314342,-77.0979847,1.1600000000000001,1.1600000000000001,R.Principal,11
lunes,210362,11639573,-11.94475,-77.08657,10.34,10.34,R.Principal,11
lunes,210349,11661705,-11.9347,-77.08757,10.065,10.065,R.Principal,11
lunes,210349,11661211,-11.93456,-77.08897,1.1600000000000001,1.1600000000000001,R.Principal,11
lunes,210349,11660584,-11.93295,-77.0936,2.52,2.52,R.Principal,11
lunes,204565,11685152,-11.9362388,-77.0817903,2.2399999999999998,2.2399999999999998,R.Secundario,11
lunes,210349,11659877,-11.92957,-77.09415,1.9600000000000002,1.9600000000000002,R.Principal,11
lunes,204565,11641999,-11.93653,-77.06558,19.0,19.0,R.Secundario,11
lunes,210349,11662331,-11.93302,-77.09381,1.9000000000000001,1.9000000000000001,R.Principal,11
lunes,210349,11667569,-11.9273167,-77.0783308,5.7,5.7,R.Principal,11
lunes,210349,11668647,-11.9349027,-77.0956054,2.97,2.97,R.Principal,11
lunes,210349,11672371,-11.9222386,-77.0767487,8.66,8.66,R.Principal,11
lunes,204565,6393786,-11.9418974,-77.0608464,1.3399999999999999,1.3399999999999999,R.Secundario,11
lunes,204565,11569310,-11.944819,-77.0502451,5.09,5.09,R.Secundario,11
lunes,204565,11680654,-11.9483889,-77.0553037,153.6,153.6,R.Secundario,11
lunes,210349,11684336,-11.9363955,-77.0942834,0.6,0.6,R.Principal,11
lunes,204565,11559914,-11.9345772,-77.0571209,1.2,1.2,R.Secundario,11
lunes,210349,11685163,-11.9344532,-77.0841597,3.5700000000000003,3.5700000000000003,R.Principal,11
lunes,210349,6358022,-11.93383,-77.07639,0.84,0.84,R.Principal,11
lunes,210349,6342040,-11.9376,-77.0742,10.0,10.0,R.Principal,11
lunes,210349,11652864,-11.94498,-77.0776,2.6799999999999997,2.6799999999999997,R.Principal,11
lunes,210362,11654182,-11.945,-77.08657,3.5549999999999997,3.5549999999999997,R.Principal,11
lunes,210349,11685164,-11.9343573,-77.084198,4.04,4.04,R.Principal,11
lunes,210362,11685774,-11.9534744,-77.091169,1.095,1.095,R.Principal,11
lunes,204568,11547925,-11.9358528,-77.0754113,2.6999999999999997,2.6999999999999997,R.Secundario,11
lunes,204568,6409097,-11.937585,-77.0736538,1.64,1.64,R.Secundario,11
lunes,210349,11632267,-11.94469,-77.07766,0.8,0.8,R.Principal,11
lunes,210349,11653816,-11.93585,-77.0769,2.9200000000000004,2.9200000000000004,R.Principal,11
lunes,210349,11687763,-11.9356858,-77.0998591,1.1400000000000001,1.1400000000000001,R.Principal,11
lunes,210349,11684455,-11.9322962,-77.096878,3.4,3.4,R.Principal,11
lunes,210349,11685520,-11.9343267,-77.0842614,2.7650000000000006,2.7650000000000006,R.Principal,11
lunes,210349,11653001,-11.93718,-77.08024,0.6,0.6,R.Principal,11
lunes,210358,11565993,-12.059102,-76.942859,1.2,1.2,R.Principal,12
lunes,210358,11631161,-12.05757,-76.94158,0.72,0.72,R.Principal,12
lunes,210358,6385759,-12.049058,-76.93842,19.014999999999997,19.014999999999997,R.Principal,12
lunes,210358,6427789,-12.05876,-76.94305,16.755000000000003,16.755000000000003,R.Principal,12
lunes,210358,11600005,-12.053764,-76.940073,7.15,7.15,R.Principal,12
lunes,210358,11637813,-12.05397,-76.939,2.0999999999999996,2.0999999999999996,R.Principal,12
lunes,210358,11597422,-12.057923,-76.94008,5.495,5.495,R.Principal,12
lunes,210358,6343466,-12.062148,-76.941059,6.5,6.5,R.Principal,12
lunes,210358,6357500,-12.061846,-76.936775,3.5999999999999996,3.5999999999999996,R.Principal,12
lunes,210358,6357711,-12.059944,-76.940756,19.695,19.695,R.Principal,12
lunes,210358,11559329,-12.0533827,-76.9401418,2.44,2.44,R.Principal,12
lunes,210358,6351753,-12.055105,-76.940278,6.255,6.255,R.Principal,12
lunes,210358,11579282,-12.06192,-76.93587,14.315000000000001,14.315000000000001,R.Principal,12
lunes,210358,6393645,-12.052162,-76.939668,1.435,1.435,R.Principal,12
lunes,210358,6361198,-12.054873,-76.94033400000001,19.44,19.44,R.Principal,12
lunes,210358,6402591,-12.06017,-76.93993,0.48,0.48,R.Principal,12
lunes,210358,11601151,-12.0549,-76.9402,2.1449999999999996,2.1449999999999996,R.Principal,12
lunes,210358,6356049,-12.059882,-76.934943,1.47,1.47,R.Principal,12
lunes,210358,11653629,-12.0595,-76.94025,1.77,1.77,R.Principal,12
lunes,210358,11634828,-12.06153,-76.93491,6.69,6.69,R.Principal,12
lunes,210358,11660851,-12.05879,-76.94306,11.120000000000001,1.96,R.Principal,12
lunes,210358,6355463,-12.053462,-76.940977,1.68,1.68,R.Principal,12
lunes,210358,11655224,-12.0633,-76.936,1.22,1.22,R.Principal,12
lunes,210358,11645381,-12.05844,-76.94319,1.52,1.52,R.Principal,12
lunes,210358,11661225,-12.06167,-76.938,2.18,2.18,R.Principal,12
lunes,210358,11634542,-12.0562,-76.93919,2.66,2.66,R.Principal,12
lunes,210358,6350645,-12.0620915,-76.9367301,3.36,3.36,R.Principal,12
lunes,210358,11673717,-12.0532058,-76.940603,2.0749999999999997,2.0749999999999997,R.Principal,12
lunes,210358,11660852,-12.06068,-76.94115,3.1099999999999994,3.1099999999999994,R.Principal,12
lunes,210358,11653630,-12.06102,-76.94175,1.68,1.68,R.Principal,12
lunes,210358,11653628,-12.06073,-76.93463,2.775,2.775,R.Principal,12
lunes,210358,11653178,-12.06094,-76.94131,1.065,1.065,R.Principal,12
lunes,210358,11656904,-12.05343,-76.94012,0.88,0.88,R.Principal,12
lunes,210358,11629472,-12.05175,-76.93843,3.3249999999999997,3.3249999999999997,R.Principal,12
lunes,210358,11654120,-12.06056,-76.93995,1.68,1.68,R.Principal,12
lunes,210358,11581404,-12.0613205,-76.9366923,1.3199999999999998,1.3199999999999998,R.Principal,12
lunes,210370,6394156,-12.014597,-76.8846652,65.0,65.0,R.Secundario,13
lunes,210357,11662519,-12.04566,-76.89298,1.68,1.68,R.Principal,13
lunes,210357,11658224,-12.01644,-76.89905,8.135,8.135,R.Principal,13
lunes,210357,11641191,-12.01915,-76.88591,11.280000000000001,11.280000000000001,R.Principal,13
lunes,210357,11656915,-12.01898,-76.88388,3.0,3.0,R.Principal,13
lunes,210357,11605572,-12.019501,-76.887469,9.8,9.8,R.Principal,13
lunes,210357,11654478,-12.01706,-76.88438,2.5,2.5,R.Principal,13
lunes,210357,11640941,-12.01766,-76.8861,51.095,51.095,R.Principal,13
lunes,210357,11612619,-12.01964,-76.88679,2.0,2.0,R.Principal,13
lunes,210357,11662355,-12.01972,-76.88744,4.91,4.91,R.Principal,13
lunes,210357,11645610,-12.01903,-76.89597,5.265,5.265,R.Principal,13
lunes,210357,11664227,-12.0466986,-76.8937993,2.12,2.12,R.Principal,13
lunes,210357,11670703,-12.0258538,-76.8888293,1.68,1.68,R.Principal,13
lunes,210357,11675196,-12.0305214,-76.8853216,0.15,0.15,R.Principal,13
lunes,210357,11681066,-12.0262235,-76.8903844,2.08,2.08,R.Principal,13
lunes,210357,11681128,-12.0164219,-76.8846957,11.135,11.135,R.Principal,13
lunes,210357,11621606,-12.02052612,-76.89034293,1.1600000000000001,1.1600000000000001,R.Principal,13
lunes,210357,6349916,-12.01951,-76.88627,30.0,30.0,R.Principal,13
lunes,210357,11682289,-12.0175975,-76.8979906,3.8400000000000003,3.8400000000000003,R.Principal,13
lunes,210357,11667378,-12.0315143,-76.8908019,1.36,1.36,R.Principal,13
lunes,210355,11556444,-12.004957,-76.998466,14.015,14.015,R.Principal,14
lunes,210355,11676430,-12.0027195,-76.9940256,4.6,4.6,R.Principal,14
lunes,210355,11640368,-12.00767,-76.99744,2.72,2.72,R.Principal,14
lunes,210355,11603592,-12.002362,-76.998837,6.0,6.0,R.Principal,14
lunes,210355,11565184,-12.00052,-76.99531,1.79,1.79,R.Principal,14
lunes,210355,11649797,-12.00223,-76.99816,4.630000000000001,4.630000000000001,R.Principal,14
lunes,210355,11656911,-12.00412,-76.99343,15.68,15.68,R.Principal,14
lunes,210355,11676429,-12.0036285,-77.002284,11.34,11.34,R.Principal,14
lunes,210355,11607361,-12.00325,-76.9985,2.96,2.96,R.Principal,14
lunes,210355,11659804,-12.00651,-76.99237,6.41,6.41,R.Principal,14
lunes,210355,11640367,-12.00435,-77.00256,26.215,13.014999999999999,R.Principal,14
lunes,210355,11554926,-12.001115,-76.997499,2.3200000000000003,2.3200000000000003,R.Principal,14
lunes,210355,11685724,-12.0020921,-76.9968867,5.375,5.375,R.Principal,14
lunes,210355,11607876,-12.00923,-76.997066,3.4400000000000004,3.4400000000000004,R.Principal,14
lunes,210355,11663373,-12.00454,-76.99547,1.593,1.593,R.Principal,14
lunes,210355,11647331,-12.00239,-76.99785,4.38,4.38,R.Principal,14
lunes,210355,11662926,-12.00776,-76.98974,7.295,7.295,R.Principal,14
lunes,210355,11656386,-12.00455,-76.99599,2.6,2.6,R.Principal,14
lunes,210355,11666279,-12.0084367,-76.9994983,1.115,1.115,R.Principal,14
lunes,210355,11665150,-12.0070021,-76.9993236,2.2800000000000002,2.2800000000000002,R.Principal,14
lunes,210355,11553679,-12.00515292,-76.99762523,3.36,3.36,R.Principal,14
lunes,210355,11683461,-12.0055056,-76.9977161,0.375,0.375,R.Principal,14
lunes,210355,11668881,-12.008522,-76.9907015,2.9499999999999997,2.9499999999999997,R.Principal,14
lunes,210353,11668475,-11.8557509,-77.0699941,4.96,4.96,R.Principal,15
lunes,204621,11679585,-11.8620024,-77.0759491,34.5,34.5,R.Secundario,15
lunes,210353,11687975,-11.8545203,-77.0686432,4.475,4.475,R.Principal,15
lunes,210353,11662710,-11.85673,-77.07026,1.1600000000000001,1.1600000000000001,R.Principal,15
lunes,204621,11684154,-11.8604387,-77.0757757,7.4,7.4,R.Secundario,15
lunes,210353,11662906,-11.85656,-77.07899,2.08,2.08,R.Principal,15
lunes,210353,11661049,-11.85449,-77.06865,1.605,1.605,R.Principal,15
lunes,204621,11668232,-11.8617765,-77.0757565,0.2,0.2,R.Secundario,15
lunes,204621,11670273,-11.8618454,-77.0752879,3.6,3.6,R.Secundario,15
lunes,204621,11634032,-11.8617218,-77.0753763,3.6,3.6,R.Secundario,15
lunes,204621,11667874,-11.8604468,-77.0757083,7.0,7.0,R.Secundario,15
lunes,204621,11667679,-11.8605068,-77.0754833,5.325,5.325,R.Secundario,15
lunes,204621,11634825,-11.8634879,-77.0744634,23.65,23.65,R.Secundario,15
lunes,204621,11631509,-11.8643,-77.07469,16.080000000000002,16.080000000000002,R.Secundario,15
lunes,204621,11596684,-11.8621626,-77.0753124,19.7,19.7,R.Secundario,15
lunes,204621,11634824,-11.86018,-77.07557,24.0,24.0,R.Secundario,15
lunes,204621,11634036,-11.863753,-77.074721,24.0,24.0,R.Secundario,15
lunes,204621,11632681,-11.86197,-77.07554,82.18,82.18,R.Secundario,15
lunes,204621,11634035,-11.8637454,-77.0747453,35.075,35.075,R.Secundario,15
lunes,210353,11661407,-11.85574,-77.06927,4.04,4.04,R.Principal,15
lunes,204621,11668390,-11.8600491,-77.0754043,5.04,5.04,R.Secundario,15
lunes,210353,11659760,-11.86394,-77.06295,1.6400000000000001,1.6400000000000001,R.Principal,15
lunes,204621,11672058,-11.86375,-77.0747381,21.0,21.0,R.Secundario,15
lunes,210353,11662704,-11.85685,-77.07516,1.7200000000000002,1.7200000000000002,R.Principal,15
lunes,204568,11594202,-11.8678863,-77.074566,1.94,1.94,R.Secundario,15
lunes,210352,11663515,-11.98621,-77.06391,4.92,4.92,R.Principal,16
lunes,210352,11683017,-11.9859382,-77.0621175,2.02,2.02,R.Principal,16
lunes,210352,11683016,-11.9860058,-77.0611863,1.1400000000000001,1.1400000000000001,R.Principal,16
lunes,210352,11637911,-11.9946,-77.05397,3.38,3.38,R.Principal,16
lunes,210352,6362191,-11.985635,-77.060609,12.735,12.735,R.Principal,16
lunes,210352,11598572,-11.997141,-77.052999,12.28,12.28,R.Principal,16
lunes,210352,11665287,-12.0016563,-77.0543647,7.08,7.08,R.Principal,16
lunes,210368,11609882,-12.0001164,-77.0495072,1.2,1.2,R.Principal,16
lunes,210368,11632039,-11.98568912,-77.06099888,3.12,3.12,R.Principal,16
lunes,210352,11683015,-11.9873824,-77.055775,4.875,4.875,R.Principal,16
lunes,210352,6419109,-11.99716,-77.05288,30.79,24.389999999999997,R.Principal,16
lunes,210352,11645184,-11.99493,-77.05221,1.8800000000000001,1.8800000000000001,R.Principal,16
lunes,210352,6340983,-11.994178,-77.056038,9.0,9.0,R.Principal,16
lunes,210352,11630989,-11.99678,-77.05265,15.0,15.0,R.Principal,16
lunes,210352,11667188,-11.9978233,-77.0514827,2.24,2.24,R.Principal,16
lunes,210352,11666644,-11.9973838,-77.0529286,15.100000000000001,15.100000000000001,R.Principal,16
lunes,210352,11641195,-11.9946025,-77.0540189,9.614999999999998,9.614999999999998,R.Principal,16
lunes,210372,6342149,-12.056685,-77.0373422,10.0,10.0,R.Principal,17
lunes,210346,11611787,-12.049677,-77.040157,1.095,1.095,R.Principal,17
lunes,210372,6340638,-12.052921,-77.035752,2.0,2.0,R.Principal,17
lunes,210346,11666726,-12.0441853,-77.0366208,0.5,0.5,R.Principal,17
lunes,210346,11672533,-12.0473465,-77.0380073,1.15,1.15,R.Principal,17
lunes,210372,6341083,-12.0573056,-77.0368103,85.3,85.3,R.Principal,17
lunes,210372,11555543,-12.0542459,-77.0396585,0.6,0.6,R.Principal,17
lunes,210372,11552379,-12.050872,-77.0360461,2.9799999999999995,2.9799999999999995,R.Principal,17
lunes,210346,11635540,-12.04994,-77.03982,2.075,2.075,R.Principal,17
lunes,210372,6362516,-12.0584139,-77.0384285,3.0,3.0,R.Principal,17
lunes,210372,6424426,-12.05214,-77.03138,1.2,1.2,R.Principal,17
lunes,210346,6341878,-12.0472757,-77.0318699,5.929999999999999,5.929999999999999,R.Principal,17
lunes,210372,6341432,-12.0477741,-77.0326351,9.5,9.5,R.Principal,17
lunes,210346,6349004,-12.045068,-77.039307,22.490000000000002,22.490000000000002,R.Principal,17
lunes,210346,11687558,-12.0456263,-77.0408421,5.140000000000001,5.140000000000001,R.Principal,17
lunes,210346,6360888,-12.0490289,-77.0411734,2.05,2.05,R.Principal,17
lunes,210346,11671167,-12.0459699,-77.0371098,0.86,0.86,R.Principal,17
lunes,210346,11663528,-12.0448,-77.03875,4.12,4.12,R.Principal,17
lunes,210346,11605678,-12.043698,-77.033255,26.799999999999997,26.799999999999997,R.Principal,17
lunes,210346,11648589,-12.04527,-77.03479,3.3,3.3,R.Principal,17
lunes,210346,11638055,-12.05506,-77.03373,2.7,2.7,R.Principal,17
lunes,210346,6434877,-12.053312,-77.032324,23.0,23.0,R.Principal,17
lunes,210372,11685847,-12.056777,-77.0374122,15.2,15.2,R.Principal,17
lunes,210372,6351440,-12.05668,-77.03953,6.0,6.0,R.Principal,17
lunes,210347,6348771,-12.05354,-77.04408,17.875,17.875,R.Principal,17
lunes,210346,11647754,-12.0420036,-77.0387599,1.14,1.14,R.Principal,17
lunes,210346,11613972,-12.0486222,-77.0419088,0.5,0.5,R.Principal,17
lunes,210346,11647835,-12.04207,-77.03763,3.0,3.0,R.Principal,17
lunes,210346,11613457,-12.049783,-77.040015,1.38,1.38,R.Principal,17
lunes,210346,6346899,-12.045851,-77.036411,6.0,6.0,R.Principal,17
lunes,210346,6350089,-12.0481184,-77.0398605,3.0,3.0,R.Principal,17
lunes,210346,11599727,-12.078113,-77.002258,5.7749999999999995,5.7749999999999995,R.Principal,18
lunes,210346,11656237,-12.07676,-77.00385,1.5350000000000001,1.5350000000000001,R.Principal,18
lunes,210346,11606313,-12.078389,-77.006325,2.92,2.92,R.Principal,18
lunes,210346,11605366,-12.076915,-77.000624,1.8399999999999999,1.8399999999999999,R.Principal,18
lunes,210346,6342898,-12.079719,-77.003995,1.88,1.88,R.Principal,18
lunes,210346,11616564,-12.080091,-77.003068,3.56,3.56,R.Principal,18
lunes,210346,11553759,-12.076899,-77.000204,3.84,3.84,R.Principal,18
lunes,210346,6356686,-12.079685,-77.004007,2.12,2.12,R.Principal,18
lunes,210346,11543064,-12.0855492,-76.9963176,13.549999999999999,13.549999999999999,R.Principal,18
lunes,210346,11599052,-12.075044,-77.006414,0.7,0.7,R.Principal,18
lunes,210346,11634385,-12.07629,-77.004833,13.27,13.27,R.Principal,18
lunes,210346,11667191,-12.0793552,-77.0073503,6.2,6.2,R.Principal,18
lunes,210346,11603050,-12.0856529,-76.9962507,5.0,5.0,R.Principal,18
lunes,210346,11665142,-12.0793574,-77.0073359,24.65,24.65,R.Principal,18
lunes,210346,11596868,-12.076827,-77.000432,19.925,19.925,R.Principal,18
lunes,210346,6358609,-12.075264,-77.00005,1.3199999999999998,1.3199999999999998,R.Principal,18
lunes,210346,11675495,-12.0787729,-77.0081772,8.995,8.995,R.Principal,18
lunes,210346,11610942,-12.07978,-77.00416,5.53,5.53,R.Principal,18
lunes,210346,6360466,-12.07136,-76.99688,2.165,2.165,R.Principal,18
lunes,210346,11543081,-12.0813173,-76.9938043,67.875,67.875,R.Principal,18
lunes,210346,11631176,-12.075938,-77.0003742,1.67,1.67,R.Principal,18
lunes,210371,11578459,-12.0827198,-76.9970831,9.629999999999999,9.629999999999999,R.Principal,18
lunes,210371,6404412,-12.0727516,-76.992496,1.2,1.2,R.Principal,18
lunes,210371,6340692,-12.07013,-76.99517,411.0,411.0,R.Principal,18
lunes,210346,11684886,-12.0703701,-77.0005794,66.01500000000001,66.01500000000001,R.Principal,18
lunes,210346,11656770,-12.07701,-77.00691,0.72,0.72,R.Principal,18
lunes,210351,11679502,-11.8510418,-77.0031888,4.585,4.585,R.Principal,19
lunes,210351,6422938,-11.8784096,-77.0186645,1.2,1.2,R.Principal,19
lunes,210351,11680263,-11.851014,-77.0032211,0.5800000000000001,0.5800000000000001,R.Principal,19
lunes,210351,11665956,-11.8622002,-77.0088775,2.2800000000000002,1.08,R.Principal,19
lunes,210351,6418498,-11.88002,-77.0319,3.62,2.42,R.Principal,19
lunes,210351,11678227,-11.8783865,-77.0186572,12.38,12.38,R.Principal,19
lunes,210351,11686922,-11.8698242,-77.017454,12.329999999999998,11.129999999999999,R.Principal,19
lunes,210351,11665464,-11.8468178,-76.9998615,3.92,1.6,R.Principal,19
lunes,210351,11666698,-11.879996,-77.0319859,2.6799999999999997,1.48,R.Principal,19
lunes,210351,11635869,-11.880072,-77.03204,6.699999999999999,6.699999999999999,R.Principal,19
lunes,210351,11635005,-11.87978,-77.03151,3.6149999999999998,3.6149999999999998,R.Principal,19
lunes,210351,11634196,-11.8772579,-77.0309937,3.18,3.18,R.Principal,19
lunes,210351,6352891,-11.87851611,-77.01877682,83.91,59.910000000000004,R.Principal,19
lunes,210351,11652421,-11.875479,-77.031503,3.8400000000000003,3.8400000000000003,R.Principal,19
lunes,210351,11645382,-11.8786598,-77.0306535,1.58,1.58,R.Principal,19
lunes,210351,6348345,-11.8792393,-77.0312703,2.02,2.02,R.Principal,19
lunes,210351,11597267,-11.878246,-77.018814,1.3499999999999999,0.15,R.Principal,19
lunes,204565,6425822,-11.91439,-77.04244,0.8999999999999999,0.8999999999999999,R.Secundario,19
lunes,210351,11678228,-11.8621484,-77.0089113,3.92,2.8,R.Principal,19
lunes,210351,11657841,-11.87815,-77.01889,24.5,24.5,R.Principal,19
lunes,204565,11615015,-11.89986,-77.03736,4.2,4.2,R.Secundario,19
lunes,210351,6412980,-11.88762,-77.02352,9.82,9.82,R.Principal,19
lunes,210351,11652420,-11.8821835,-77.033204,5.56,3.2399999999999998,R.Principal,19
lunes,210354,6437373,-11.9860604,-76.9956919,0.5,0.5,R.Principal,20
lunes,210354,11555146,-11.9603262,-76.9835272,0.75,0.75,R.Principal,20
lunes,210354,11681356,-11.9828001,-76.9973387,2.06,2.06,R.Principal,20
lunes,210354,11653810,-11.96865,-76.99316,9.975000000000001,9.975000000000001,R.Principal,20
lunes,210354,11561523,-11.984701,-77.00643,8.295,8.295,R.Principal,20
lunes,210354,11674723,-11.9680509,-76.9922063,22.2,22.2,R.Principal,20
lunes,210354,11654777,-11.98616,-76.99565,0.72,0.72,R.Principal,20
lunes,210368,11673986,-12.0073474,-77.0084218,31.36,31.36,R.Principal,20
lunes,210354,6353292,-11.9874734,-76.9953273,8.595,8.595,R.Principal,20
lunes,210354,11644908,-11.98775,-76.99528,0.8600000000000001,0.8600000000000001,R.Principal,20
lunes,210354,11565364,-11.98573,-76.99854,10.8,10.8,R.Principal,20
lunes,210354,11613347,-11.98731,-76.99527,2.3200000000000003,2.3200000000000003,R.Principal,20
lunes,210354,11678383,-11.9604859,-76.9836471,12.09,12.09,R.Principal,20
lunes,210354,6349240,-11.9683109,-76.9928485,15.535,15.535,R.Principal,20
lunes,210354,11642975,-11.9848,-77.00632,0.9,0.9,R.Principal,20
lunes,210354,6355262,-11.970507,-76.992908,3.4850000000000003,3.4850000000000003,R.Principal,20
lunes,210354,11556561,-11.967918,-76.992211,1.28,1.28,R.Principal,20
lunes,210354,11646812,-11.96877,-76.99316,36.42,36.42,R.Principal,20
lunes,210354,11566136,-11.96902,-76.99105,3.415,3.415,R.Principal,20
lunes,210354,11666649,-11.9831284,-77.0021925,2.2800000000000002,2.2800000000000002,R.Principal,20
lunes,210354,11552880,-11.98018,-77.00317,4.035,4.035,R.Principal,20
lunes,210354,11677115,-11.9797377,-77.0018979,1.7,1.7,R.Principal,20
lunes,204565,11678464,-11.9908833,-77.0808165,18.94,18.94,R.Secundario,21
lunes,210349,11639792,-11.99032,-77.08093,6.2,6.2,R.Principal,21
lunes,210349,11685528,-11.9914406,-77.0762498,0.54,0.54,R.Principal,21
lunes,210349,11597416,-11.988976,-77.074135,0.56,0.56,R.Principal,21
lunes,210349,11627127,-11.98963,-77.06537,7.359999999999999,7.359999999999999,R.Principal,21
lunes,210349,11679362,-11.9910602,-77.0738763,2.7199999999999998,2.7199999999999998,R.Principal,21
lunes,210368,6344466,-11.9882899,-77.0648631,20.0,20.0,R.Principal,21
lunes,210349,11652460,-11.989107,-77.075099,1.575,1.575,R.Principal,21
lunes,210349,11642806,-11.9901,-77.0812,4.5600000000000005,4.5600000000000005,R.Principal,21
lunes,210349,11642695,-11.99032,-77.08108,1.575,1.575,R.Principal,21
lunes,210349,6395939,-11.990194,-77.066784,16.055,16.055,R.Principal,21
lunes,210349,11669035,-11.9869364,-77.0767195,1.6199999999999999,1.6199999999999999,R.Principal,21
lunes,210349,11647337,-11.99047,-77.07481,1.7599999999999998,1.7599999999999998,R.Principal,21
lunes,210349,11634820,-11.99012,-77.08093,6.04,6.04,R.Principal,21
lunes,210349,11652451,-11.989048,-77.075119,3.635,3.635,R.Principal,21
lunes,210349,11601596,-11.990205,-77.080546,14.535,14.535,R.Principal,21
lunes,210349,11633697,-11.9887,-77.0762,1.075,1.075,R.Principal,21
lunes,210349,11658739,-11.98882,-77.07529,2.86,2.86,R.Principal,21
lunes,210349,11616440,-11.98892,-77.07507,9.7,9.7,R.Principal,21
lunes,210349,11680409,-11.990663,-77.0748061,4.950000000000001,4.950000000000001,R.Principal,21
lunes,210358,11543934,-12.082278,-76.977023,3.395,3.395,R.Principal,22
lunes,210358,6428175,-12.082292,-76.976901,2.55,2.55,R.Principal,22
lunes,210356,6427785,-12.049806,-76.971652,8.225000000000001,8.225000000000001,R.Principal,22
lunes,210371,11564887,-12.0978,-76.97291,1.2,1.2,R.Principal,22
lunes,210356,6343051,-12.049638,-76.971394,4.3149999999999995,4.3149999999999995,R.Principal,22
lunes,204622,6346594,-12.06899,-76.97389,10.2,10.2,R.Secundario,22
lunes,210358,6362292,-12.0624577,-76.9581444,2.4050000000000002,2.4050000000000002,R.Principal,22
lunes,210356,11653186,-12.04961,-76.97126,5.2,5.2,R.Principal,22
lunes,210358,6428176,-12.076451,-76.974973,10.020000000000001,10.020000000000001,R.Principal,22
lunes,210358,6429742,-12.07491,-76.97222,6.4399999999999995,6.4399999999999995,R.Principal,22
lunes,210358,11619764,-12.068164,-76.96486,5.715,5.715,R.Principal,22
lunes,210371,6438511,-12.08476,-76.973,1.2,1.2,R.Principal,22
lunes,210371,6356991,-12.10193,-76.97362,18.0,18.0,R.Principal,22
lunes,210371,6350542,-12.10237,-76.97141,14.64,14.64,R.Principal,22
lunes,210370,11652797,-12.07052,-76.98131,9.0,9.0,R.Secundario,22
lunes,210369,11672062,-12.1215467,-76.9925688,18.16,18.16,R.Principal,22
lunes,210369,6426940,-12.1260258,-76.9706406,10.0,10.0,R.Principal,22
lunes,210369,6361712,-12.12931,-76.99226,1.84,1.84,R.Principal,22
lunes,210369,6417109,-12.13004,-76.98295,2.2399999999999998,2.2399999999999998,R.Principal,22
lunes,210369,11546149,-12.1363841,-76.988098,1.2,1.2,R.Principal,22
lunes,210369,11548911,-12.1288238,-76.9850219,2.6599999999999997,2.6599999999999997,R.Principal,22
lunes,210369,11631742,-12.1469764,-76.9856344,7.32,7.32,R.Principal,22
lunes,210371,6341388,-12.11104,-76.99195,23.810000000000002,23.810000000000002,R.Principal,22
lunes,210369,6340800,-12.1111238,-76.9860252,74.64,74.64,R.Principal,22
lunes,210369,6340736,-12.11056,-76.98204,30.0,30.0,R.Principal,22
lunes,210358,11666437,-12.0772492,-76.9643112,0.375,0.375,R.Principal,22
lunes,210358,11556564,-12.076846,-76.975034,1.68,1.68,R.Principal,22
lunes,210358,11675966,-12.0707463,-76.9687335,4.34,4.34,R.Principal,22
lunes,210358,11675198,-12.0665485,-76.9617651,2.24,2.24,R.Principal,22
lunes,210358,11672279,-12.0760769,-76.9745726,3.7,3.7,R.Principal,22
lunes,210358,11667096,-12.0811762,-76.9679846,3.5,3.5,R.Principal,22
lunes,210358,11664142,-12.07095,-76.96917,2.24,2.24,R.Principal,22
lunes,210358,11663924,-12.07604,-76.97447,1.22,1.22,R.Principal,22
lunes,210358,6438460,-12.077707,-76.975477,1.3199999999999998,1.3199999999999998,R.Principal,22
lunes,210358,11553834,-12.066326,-76.966684,2.41,2.41,R.Principal,22
lunes,210369,6340801,-12.11115,-76.98823,42.0,42.0,R.Principal,22
lunes,204622,6346596,-12.07384,-76.96653,8.0,8.0,R.Secundario,22
