Interlocut,Latitud,Longitud,Pedido,Real,T.Ruta,cluster
204565,-11.9525439,-77.0696458,11.510000000000002,11.510000000000002,R.Secundario,16
204565,-11.9532733,-77.0695564,1.7999999999999998,1.7999999999999998,R.Secundario,16
204565,-11.9484159,-77.0800808,1.68,1.68,R.Secundario,16
204565,-11.93653,-77.06558,31.0,31.0,R.Secundario,16
204565,-11.9261371,-77.059138,3.2800000000000002,3.2800000000000002,R.Secundario,16
204565,-11.914085,-77.028864,2.38,2.38,R.Secundario,16
204565,-11.9046102,-77.0388892,51.85,51.85,R.Secundario,0
204565,-11.92822,-77.05669,3.4200000000000004,3.4200000000000004,R.Secundario,16
204565,-11.95575,-77.0616,7.0,7.0,R.Secundario,16
204565,-11.92098,-77.06304,30.1,30.1,R.Secundario,16
204565,-11.937037,-77.0652451,40.0,40.0,R.Secundario,16
204565,-11.9209929,-77.062256,12.4,12.4,R.Secundario,16
204565,-11.93973,-77.05043,58.809999999999995,58.809999999999995,R.Secundario,0
204565,-11.93715,-77.06622,12.0,12.0,R.Secundario,16
204565,-11.93485,-77.06712,0.6,0.6,R.Secundario,16
204565,-11.862802,-77.008376,26.900000000000002,26.900000000000002,R.Secundario,22
204565,-11.852585,-77.008764,35.02,35.02,R.Secundario,22
204568,-11.951065,-77.09043,34.160000000000004,34.160000000000004,R.Secundario,16
204568,-11.849494,-77.097854,25.65,25.65,R.Secundario,22
204568,-11.8475299,-77.0911577,10.66,10.66,R.Secundario,22
204568,-11.8379337,-77.1111637,8.4,8.4,R.Secundario,22
204568,-11.93796,-77.07333,15.0,15.0,R.Secundario,16
204568,-11.9191194,-77.1298498,19.16,19.16,R.Secundario,16
204568,-11.7768747,-77.163799,1.3399999999999999,1.3399999999999999,R.Secundario,4
204570,-12.0561081,-77.1095191,4.6,4.6,R.Secundario,15
204570,-12.05326,-77.1152,3.6,3.6,R.Secundario,15
204570,-12.06056,-77.13973,2.0,2.0,R.Secundario,15
204570,-12.0476265,-77.110247,64.52199999999999,64.52199999999999,R.Secundario,0
204570,-12.0473391,-77.1131607,14.709999999999999,14.709999999999999,R.Secundario,15
204570,-12.0486098,-77.1109615,28.5,28.5,R.Secundario,16
204570,-12.0067391,-77.0993446,1.2,1.2,R.Secundario,16
204570,-11.9976451,-77.1141591,1.2,1.2,R.Secundario,16
204570,-12.0664639,-77.1182131,0.6,0.6,R.Secundario,15
204570,-12.0565638,-77.1015019,2.0,2.0,R.Secundario,15
204570,-12.0726103,-77.1625557,3.0,3.0,R.Secundario,15
210346,-12.0819,-76.99334,4.68,4.68,R.Principal,11
210346,-12.0849543,-76.9996873,18.415,18.415,R.Principal,11
210346,-12.085037,-76.999781,4.04,4.04,R.Principal,11
210346,-12.08491,-76.99972,1.7199999999999998,1.7199999999999998,R.Principal,11
210346,-12.08587,-76.99716,14.794999999999998,14.794999999999998,R.Principal,11
210346,-12.0836917,-76.9933903,7.970000000000001,7.970000000000001,R.Principal,11
210346,-12.0855492,-76.9963176,61.06,61.06,R.Principal,0
210346,-12.08292,-76.98539,7.2,7.2,R.Principal,11
210346,-12.0817,-76.99069,4.695,4.695,R.Principal,11
210346,-12.084234,-76.99063,2.795,2.795,R.Principal,11
210346,-12.084354,-76.986917,2.13,2.13,R.Principal,11
210346,-12.084426,-77.004771,2.83,2.83,R.Principal,11
210346,-12.0856529,-76.9962507,2.26,2.26,R.Principal,11
210346,-12.08493,-76.99984,2.695,2.695,R.Principal,11
210346,-12.083752,-76.989665,1.44,1.44,R.Principal,11
210346,-12.0811727,-76.9936245,20.765,20.765,R.Principal,11
210346,-12.052056,-77.039941,3.12,3.12,R.Principal,11
210346,-12.047954,-77.026995,3.0,3.0,R.Principal,11
210346,-12.0472757,-77.0318699,6.365,6.365,R.Principal,11
210346,-12.045037,-77.028581,2.42,2.42,R.Principal,11
210346,-12.04838,-77.03302,10.0,10.0,R.Principal,11
210346,-12.05464,-77.03546,1.375,1.375,R.Principal,11
210346,-12.05325,-77.03596,0.5,0.5,R.Principal,11
210346,-12.05112,-77.03861,7.8,7.8,R.Principal,11
210346,-12.053312,-77.032324,13.42,13.42,R.Principal,11
210346,-12.05506,-77.03373,6.4,6.4,R.Principal,11
210346,-12.055,-77.03388,2.1,2.1,R.Principal,11
210346,-12.04841,-77.03597,3.08,3.08,R.Principal,11
210346,-12.051695,-77.036592,5.0,5.0,R.Principal,11
210346,-12.051764,-77.031271,15.8,15.8,R.Principal,11
210346,-12.050953,-77.036007,6.5,6.5,R.Principal,11
210346,-12.048503,-77.035979,6.66,6.66,R.Principal,11
210346,-12.05113,-77.03734,12.219999999999999,12.219999999999999,R.Principal,11
210346,-12.046637,-77.031276,0.95,0.95,R.Principal,11
210346,-12.049886,-77.034231,2.0,2.0,R.Principal,11
210346,-12.04341,-77.03352,1.93,1.93,R.Principal,11
210346,-12.04587,-77.03275,1.0,1.0,R.Principal,11
210346,-12.04527,-77.03479,10.1,10.1,R.Principal,11
210346,-12.04587,-77.03194,1.37,1.37,R.Principal,11
210346,-12.05385,-77.03609,17.060000000000002,17.060000000000002,R.Principal,11
210346,-12.05126,-77.03618,6.5,6.5,R.Principal,11
210346,-12.043698,-77.033255,10.754999999999999,10.754999999999999,R.Principal,11
210346,-12.045233,-77.033801,1.84,1.84,R.Principal,11
210346,-12.044602,-77.034842,1.62,1.62,R.Principal,11
210346,-12.04836,-77.03585,1.6400000000000001,1.6400000000000001,R.Principal,11
210346,-12.051273,-77.028846,6.5,6.5,R.Principal,11
210346,-12.043801,-77.033038,0.7,0.7,R.Principal,11
210346,-12.04879,-77.03201,1.0,1.0,R.Principal,11
210346,-12.044972,-77.033416,0.895,0.895,R.Principal,11
210346,-12.04983,-77.03429,1.835,1.835,R.Principal,11
210346,-12.0471803,-77.0319005,1.4,1.4,R.Principal,11
210346,-12.0456927,-77.0341129,2.36,2.36,R.Principal,11
210346,-12.080977,-76.993244,2.8,2.8,R.Principal,11
210346,-12.08196,-76.99685,4.145,4.145,R.Principal,11
210346,-12.07606,-76.99515,0.9,0.9,R.Principal,11
210346,-12.07412,-76.99596,2.3200000000000003,2.3200000000000003,R.Principal,11
210346,-12.0814828,-76.9894303,7.695,7.695,R.Principal,11
210346,-12.0804,-76.99684,1.4050000000000002,1.4050000000000002,R.Principal,11
210346,-12.07213,-76.99444,1.9100000000000001,1.9100000000000001,R.Principal,11
210346,-12.0786525,-76.9975385,6.0,6.0,R.Principal,11
210346,-12.07762,-76.98958,9.382,9.382,R.Principal,11
210346,-12.0784478,-76.9920098,38.184999999999995,38.184999999999995,R.Principal,0
210346,-12.07923,-76.990391,13.635,13.635,R.Principal,11
210346,-12.07702,-76.99989,27.83,27.83,R.Principal,11
210346,-12.0783961,-76.9988553,3.275,3.275,R.Principal,11
210346,-12.08103,-76.98878,1.475,1.475,R.Principal,11
210346,-12.073,-76.9962984,24.15,24.15,R.Principal,11
210346,-12.083299,-76.9930456,0.76,0.76,R.Principal,11
210346,-12.0813648,-76.9931149,7.11,7.11,R.Principal,11
210346,-12.0785138,-76.9989174,2.8680000000000003,2.8680000000000003,R.Principal,11
210347,-12.046538,-77.045657,0.7,0.7,R.Principal,21
210347,-12.047701,-77.045291,1.7650000000000001,1.7650000000000001,R.Principal,21
210347,-12.048184,-77.043659,1.1,1.1,R.Principal,21
210347,-12.04963,-77.04989,5.715,5.715,R.Principal,21
210347,-12.047151,-77.043644,11.0,11.0,R.Principal,21
210347,-12.048869,-77.054287,2.08,2.08,R.Principal,21
210347,-12.0479337,-77.0543146,0.72,0.72,R.Principal,21
210347,-12.04979,-77.04911,2.9000000000000004,2.9000000000000004,R.Principal,21
210347,-12.0473629,-77.049388,3.9749999999999996,3.9749999999999996,R.Principal,21
210347,-12.0460027,-77.0455017,5.234999999999999,5.234999999999999,R.Principal,21
210347,-12.05354,-77.04408,7.375,7.375,R.Principal,21
210347,-12.055188,-77.049076,6.3,6.3,R.Principal,21
210347,-12.054556,-77.051379,4.075,4.075,R.Principal,21
210347,-12.054443,-77.054161,12.08,12.08,R.Principal,21
210347,-12.051584,-77.046309,1.575,1.575,R.Principal,21
210347,-12.053252,-77.050475,2.24,2.24,R.Principal,21
210347,-12.05154,-77.04677,4.585,4.585,R.Principal,21
210347,-12.05379,-77.04974,4.0,4.0,R.Principal,21
210347,-12.05382,-77.04973,4.52,4.52,R.Principal,21
210347,-12.05121,-77.04756,4.6499999999999995,4.6499999999999995,R.Principal,21
210347,-12.05408,-77.049403,8.775,8.775,R.Principal,21
210347,-12.053641,-77.046142,25.279999999999998,25.279999999999998,R.Principal,21
210347,-12.0537297,-77.0496589,9.96,9.96,R.Principal,21
210347,-12.053804,-77.047996,2.775,2.775,R.Principal,21
210347,-12.05254,-77.049128,14.775,14.775,R.Principal,21
210347,-12.05399,-77.04965,1.44,1.44,R.Principal,21
210347,-12.0542696,-77.0476981,1.7200000000000002,1.7200000000000002,R.Principal,21
210347,-12.0524302,-77.0492504,95.16500000000002,95.16500000000002,R.Principal,7
210347,-12.05534,-77.050787,3.4,3.4,R.Principal,21
210347,-12.0541075,-77.0492426,6.640000000000001,6.640000000000001,R.Principal,21
210347,-12.05321,-77.04991,1.5,1.5,R.Principal,21
210347,-12.05404,-77.04937,5.0,5.0,R.Principal,21
210347,-12.0525055,-77.049135,33.875,33.875,R.Principal,0
210348,-12.0501316,-77.0954664,1.6500000000000001,1.6500000000000001,R.Principal,15
210348,-12.049551,-77.093312,12.42,12.42,R.Principal,15
210348,-12.052503,-77.093605,15.5,15.5,R.Principal,15
210348,-12.0492,-77.09353,12.475,12.475,R.Principal,15
210348,-12.05297,-77.09599,52.8,52.8,R.Principal,0
210348,-12.0518231,-77.0931721,2.28,2.28,R.Principal,15
210348,-12.0536425,-77.0997431,1.22,1.22,R.Principal,15
210348,-12.0497706,-77.0967219,2.02,2.02,R.Principal,15
210348,-12.0515803,-77.0931534,1.48,1.48,R.Principal,15
210348,-12.0537364,-77.1002674,5.4,5.4,R.Principal,15
210348,-12.07635,-77.11387,4.21,4.21,R.Principal,15
210348,-12.061576,-77.096944,11.68,11.68,R.Principal,15
210348,-12.056158,-77.090787,7.535,7.535,R.Principal,15
210348,-12.05452,-77.091644,1.44,1.44,R.Principal,15
210348,-12.053339,-77.093675,16.1,16.1,R.Principal,15
210348,-12.056266,-77.097098,5.680000000000001,5.680000000000001,R.Principal,15
210348,-12.05083,-77.0971,2.47,2.47,R.Principal,15
210348,-12.05595,-77.09573,2.12,2.12,R.Principal,15
210348,-12.055747,-77.091241,11.14,11.14,R.Principal,15
210348,-12.05317,-77.09358,3.0149999999999997,3.0149999999999997,R.Principal,15
210348,-12.056924,-77.094623,3.0,3.0,R.Principal,15
210348,-12.0522685,-77.0929629,4.74,4.74,R.Principal,15
210348,-12.05145,-77.09305,2.98,2.98,R.Principal,15
210348,-12.053393,-77.093671,9.8,9.8,R.Principal,15
210348,-12.0610019,-77.0943066,5.82,5.82,R.Principal,15
210348,-12.0539445,-77.089039,1.575,1.575,R.Principal,15
210348,-12.059275,-77.096111,4.735,4.735,R.Principal,15
210348,-12.056139,-77.095954,27.0,27.0,R.Principal,15
210348,-12.06046,-77.09495,2.04,2.04,R.Principal,15
210348,-12.05264,-77.08788,2.0200000000000005,2.0200000000000005,R.Principal,15
210348,-12.0614984,-77.0965886,8.94,8.94,R.Principal,15
210348,-12.061512,-77.09672,4.0,4.0,R.Principal,15
210348,-12.06142,-77.09658,2.6,2.6,R.Principal,15
210348,-12.05514,-77.0883,4.24,4.24,R.Principal,15
210348,-12.0531432,-77.0923405,2.9400000000000004,2.9400000000000004,R.Principal,15
210348,-12.0509052,-77.0962447,6.460000000000001,6.460000000000001,R.Principal,15
210349,-11.98892,-77.07507,7.500000000000001,7.500000000000001,R.Principal,9
210349,-11.94583,-77.07405,3.71,3.71,R.Principal,9
210349,-11.942875,-77.077598,18.419999999999998,18.419999999999998,R.Principal,9
210349,-11.93585,-77.0769,6.115,6.115,R.Principal,9
210349,-11.94469,-77.07766,9.74,9.74,R.Principal,9
210349,-11.94498,-77.0776,2.08,2.08,R.Principal,9
210349,-11.9376,-77.0742,3.0,3.0,R.Principal,9
210349,-11.93383,-77.07639,6.5,6.5,R.Principal,9
210349,-11.990664,-77.065702,14.76,14.76,R.Principal,9
210349,-11.944924,-77.07413,3.7800000000000002,3.7800000000000002,R.Principal,9
210349,-11.94317,-77.07441,1.33,1.33,R.Principal,9
210349,-11.9354765,-77.0774607,13.99,13.99,R.Principal,9
210349,-11.94645,-77.07411,18.04,18.04,R.Principal,9
210349,-11.934261,-77.078963,1.6199999999999999,1.6199999999999999,R.Principal,9
210349,-11.990194,-77.066784,19.894999999999996,19.894999999999996,R.Principal,9
210349,-11.99293,-77.06664,3.2,3.2,R.Principal,9
210349,-11.9358101,-77.0772403,5.28,5.28,R.Principal,9
210349,-11.936129,-77.077528,4.0,4.0,R.Principal,9
210349,-11.94348,-77.07244,3.425,3.425,R.Principal,9
210349,-11.994591,-77.065405,4.015,4.015,R.Principal,9
210349,-11.942688,-77.072828,0.375,0.375,R.Principal,9
210349,-11.935627,-77.07759,0.375,0.375,R.Principal,9
210349,-11.99074,-77.07035,4.25,4.25,R.Principal,9
210349,-11.93009,-77.07633,5.601999999999999,5.601999999999999,R.Principal,9
210349,-11.92774,-77.0764,5.26,5.26,R.Principal,9
210349,-11.9891947,-77.0680021,2.885,2.885,R.Principal,9
210349,-11.99039,-77.06847,2.0,2.0,R.Principal,9
210349,-11.93727,-77.0741,4.02,4.02,R.Principal,9
210349,-11.937461,-77.077518,3.725,3.725,R.Principal,9
210349,-11.933742,-77.07853,3.635,3.635,R.Principal,9
210349,-11.933698,-77.076168,0.54,0.54,R.Principal,9
210349,-11.99415,-77.06851,5.053999999999999,5.053999999999999,R.Principal,9
210349,-11.9887,-77.0706,34.825,34.825,R.Principal,0
210349,-11.989556,-77.069325,4.935,4.935,R.Principal,9
210349,-11.9461002,-77.0828857,4.04,4.04,R.Principal,9
210349,-11.945942,-77.077094,1.08,1.08,R.Principal,9
210349,-11.94854,-77.08053,0.63,0.63,R.Principal,9
210349,-11.994363,-77.071604,1.08,1.08,R.Principal,9
210349,-11.98798,-77.06582,20.3,20.3,R.Principal,9
210349,-11.9942,-77.0674,26.335,26.335,R.Principal,9
210349,-11.9908325,-77.0714082,6.0,6.0,R.Principal,9
210349,-11.98963,-77.06537,7.199999999999999,7.199999999999999,R.Principal,9
210349,-11.92821,-77.07626,8.415,8.415,R.Principal,9
210349,-11.992598,-77.066892,7.195,7.195,R.Principal,9
210349,-11.94797,-77.08016,2.135,2.135,R.Principal,9
210349,-11.93654,-77.07729,6.574999999999999,6.574999999999999,R.Principal,9
210349,-11.94819,-77.08005,3.1449999999999996,3.1449999999999996,R.Principal,9
210349,-11.9488,-77.08002,7.14,7.14,R.Principal,9
210349,-11.9476752,-77.0779205,1.48,1.48,R.Principal,9
210349,-12.0004331,-77.0635768,5.040000000000001,5.040000000000001,R.Principal,9
210349,-12.004467,-77.0701731,2.68,2.68,R.Principal,9
210349,-11.99999,-77.06365,16.424999999999997,16.424999999999997,R.Principal,9
210349,-12.002789,-77.065353,8.200000000000001,8.200000000000001,R.Principal,9
210349,-11.9925,-77.0701,14.65,14.65,R.Principal,9
210349,-11.99916,-77.06453,6.22,6.22,R.Principal,9
210349,-11.9921,-77.06498,3.12,3.12,R.Principal,9
210349,-11.989333,-77.068166,4.2,4.2,R.Principal,9
210349,-11.99095,-77.06632,1.7640000000000002,1.7640000000000002,R.Principal,9
210349,-11.990357,-77.072074,20.5,20.5,R.Principal,9
210349,-11.98982,-77.06758,3.12,3.12,R.Principal,9
210349,-11.9903,-77.0712,2.01,2.01,R.Principal,9
210349,-11.9487718,-77.0785527,4.295,4.295,R.Principal,9
210349,-11.9489969,-77.0791388,1.62,1.62,R.Principal,9
210349,-11.9431948,-77.0770663,1.145,1.145,R.Principal,9
210349,-11.9383369,-77.0733627,2.2199999999999998,2.2199999999999998,R.Principal,9
210349,-11.9489944,-77.0791842,1.36,1.36,R.Principal,9
210349,-11.9418789,-77.0723212,1.84,1.84,R.Principal,9
210349,-11.9276338,-77.074906,1.98,1.98,R.Principal,9
210350,-12.01751,-77.07673,2.2,2.2,R.Principal,5
210350,-12.0155953,-77.0719894,8.915,8.915,R.Principal,5
210350,-12.013572,-77.070652,5.0,5.0,R.Principal,5
210350,-12.0132297,-77.0745403,2.6550000000000002,2.6550000000000002,R.Principal,5
210350,-12.0133554,-77.0745741,3.3200000000000003,3.3200000000000003,R.Principal,5
210350,-12.0145694,-77.0765215,4.59,4.59,R.Principal,5
210350,-12.0145733,-77.0764393,10.2,10.2,R.Principal,5
210350,-12.017454,-77.0767281,16.255000000000003,16.255000000000003,R.Principal,5
210350,-12.0176244,-77.0767807,6.85,6.85,R.Principal,5
210350,-12.010827,-77.069117,3.5250000000000004,3.5250000000000004,R.Principal,5
210350,-12.0177592,-77.0732911,0.915,0.915,R.Principal,5
210350,-12.010798,-77.069178,1.6500000000000001,1.6500000000000001,R.Principal,5
210350,-12.0152731,-77.0717896,2.6,2.6,R.Principal,5
210350,-12.01088,-77.07369,1.5,1.5,R.Principal,5
210350,-12.009404,-77.073625,1.81,1.81,R.Principal,5
210350,-12.00895,-77.07085,37.900000000000006,37.900000000000006,R.Principal,0
210350,-12.0081,-77.0718,28.174999999999997,28.174999999999997,R.Principal,5
210350,-12.00927,-77.07573,5.8,5.8,R.Principal,5
210350,-12.0096119,-77.0736278,5.1000000000000005,5.1000000000000005,R.Principal,5
210350,-12.01008,-77.07077,1.24,1.24,R.Principal,5
210350,-12.00994,-77.07051,2.1999999999999997,2.1999999999999997,R.Principal,5
210350,-12.011801,-77.076284,13.120000000000001,13.120000000000001,R.Principal,5
210350,-12.008724,-77.072539,3.0549999999999997,3.0549999999999997,R.Principal,5
210350,-12.00789,-77.06561,5.515,5.515,R.Principal,5
210350,-12.00718,-77.06626,27.1,27.1,R.Principal,5
210350,-12.01164,-77.078693,6.140000000000001,6.140000000000001,R.Principal,5
210350,-12.0098253,-77.0707332,4.27,4.27,R.Principal,5
210350,-12.00717,-77.07258,0.375,0.375,R.Principal,5
210350,-12.00773,-77.06865,6.215,6.215,R.Principal,5
210350,-12.009441,-77.073635,2.0,2.0,R.Principal,5
210350,-12.0104744,-77.0712514,2.04,2.04,R.Principal,5
210351,-11.88729,-77.03744,4.22,4.22,R.Principal,22
210351,-11.89245,-77.02269,3.7199999999999998,3.7199999999999998,R.Principal,22
210351,-11.8862179,-77.035073,4.199999999999999,4.199999999999999,R.Principal,22
210351,-11.89246,-77.0387,31.815,31.815,R.Principal,22
210351,-11.89223,-77.02052,5.36,5.36,R.Principal,22
210351,-11.89416,-77.02322,2.6,2.6,R.Principal,22
210351,-11.8901369,-77.041878,17.9,17.9,R.Principal,22
210351,-11.8963651,-77.0337667,1.29,1.29,R.Principal,22
210351,-11.8897407,-77.0421211,9.66,9.66,R.Principal,22
210351,-11.8938085,-77.0322831,26.04,26.04,R.Principal,22
210351,-11.888042,-77.036314,1.78,1.78,R.Principal,22
210351,-11.88767,-77.036341,20.920000000000005,20.920000000000005,R.Principal,22
210351,-11.891746,-77.030967,57.38,57.38,R.Principal,0
210351,-11.8900162,-77.0417634,18.945,18.945,R.Principal,22
210351,-11.885464,-77.029741,4.82,4.82,R.Principal,22
210351,-11.88539,-77.02953,1.33,1.33,R.Principal,22
210351,-11.8917189,-77.0252195,11.27,11.27,R.Principal,22
210351,-11.8855409,-77.0298219,2.0,2.0,R.Principal,22
210351,-11.8925141,-77.0226664,15.96,15.96,R.Principal,22
210351,-11.880541,-77.0356284,28.695,28.695,R.Principal,22
210351,-11.8920029,-77.0304649,2.64,2.64,R.Principal,22
210351,-11.8901123,-77.0420257,4.4399999999999995,4.4399999999999995,R.Principal,22
210352,-11.97776,-77.04689,1.68,1.68,R.Principal,18
210352,-11.980615,-77.046141,6.08,6.08,R.Principal,18
210352,-11.9779,-77.0467,33.974999999999994,33.974999999999994,R.Principal,0
210352,-11.97791,-77.04668,8.6,8.6,R.Principal,18
210352,-11.98018,-77.05836,5.4399999999999995,5.4399999999999995,R.Principal,18
210352,-11.981897,-77.043078,4.8,4.8,R.Principal,18
210352,-11.982083,-77.046968,6.115,6.115,R.Principal,18
210352,-11.980049,-77.038106,2.9699999999999998,2.9699999999999998,R.Principal,18
210352,-11.977944,-77.046644,7.575,7.575,R.Principal,18
210352,-11.977996,-77.04671,77.02,77.02,R.Principal,0
210352,-11.982561,-77.047781,9.23,9.23,R.Principal,18
210352,-11.97786,-77.04667,8.74,8.74,R.Principal,18
210352,-11.97788,-77.04667,29.399,29.399,R.Principal,18
210352,-11.982523,-77.045179,3.216,3.216,R.Principal,18
210352,-11.978059,-77.046559,31.342,31.342,R.Principal,0
210352,-11.97836,-77.04991,6.0,6.0,R.Principal,18
210352,-11.978067,-77.046638,63.019999999999996,63.019999999999996,R.Principal,0
210352,-11.980775,-77.0582105,0.72,0.72,R.Principal,18
210352,-11.970171,-77.041159,9.4,9.4,R.Principal,18
210352,-11.978212,-77.050839,1.575,1.575,R.Principal,18
210352,-11.9723882,-77.0439724,2.355,2.355,R.Principal,18
210352,-11.980573,-77.058138,48.989999999999995,48.989999999999995,R.Principal,0
210352,-11.9751096,-77.049208,11.535,11.535,R.Principal,18
210352,-11.980334,-77.058311,68.075,68.075,R.Principal,0
210352,-11.98027,-77.05568,39.05,39.05,R.Principal,0
210352,-11.984452,-77.045265,2.8,2.8,R.Principal,18
210352,-11.97934,-77.0463,5.08,5.08,R.Principal,18
210352,-11.9725218,-77.0452074,6.119999999999999,6.119999999999999,R.Principal,18
210352,-11.9754412,-77.0491075,12.0,12.0,R.Principal,18
210352,-11.9774451,-77.053114,2.16,2.16,R.Principal,18
210352,-11.9820286,-77.0431745,2.9,2.9,R.Principal,18
210353,-11.7765245,-77.1649316,4.62,4.62,R.Principal,4
210353,-11.77668,-77.165328,21.650000000000002,21.650000000000002,R.Principal,4
210353,-11.77329,-77.17481,10.1,10.1,R.Principal,4
210353,-11.77319,-77.17315,9.8,9.8,R.Principal,4
210353,-11.7764352,-77.1674357,7.83,7.83,R.Principal,4
210353,-11.7766252,-77.1656185,0.75,0.75,R.Principal,4
210353,-11.7728,-77.1729,6.535,6.535,R.Principal,4
210353,-11.7731294,-77.1730591,5.0,5.0,R.Principal,4
210353,-11.77396,-77.175505,0.96,0.96,R.Principal,4
210353,-11.77631,-77.16855,5.462,5.462,R.Principal,4
210353,-11.7788868,-77.1617925,1.55,1.55,R.Principal,4
210353,-11.7770229,-77.1639265,7.630000000000001,7.630000000000001,R.Principal,4
210353,-11.780004,-77.161098,11.774999999999999,11.774999999999999,R.Principal,4
210353,-11.78251,-77.15949,1.56,1.56,R.Principal,4
210353,-11.78013,-77.1622,3.9,3.9,R.Principal,4
210353,-11.77826,-77.164574,1.2,1.2,R.Principal,4
210353,-11.77422,-77.16977,1.17,1.17,R.Principal,4
210353,-11.77622,-77.16796,1.575,1.575,R.Principal,4
210353,-11.7778,-77.164927,3.0599999999999996,3.0599999999999996,R.Principal,4
210353,-11.776532,-77.166455,2.22,2.22,R.Principal,4
210353,-11.7790096,-77.1719038,5.63,5.63,R.Principal,4
210353,-11.7733111,-77.170169,3.18,3.18,R.Principal,4
210353,-11.7786566,-77.1638324,1.79,1.79,R.Principal,4
210353,-11.7851,-77.15673,12.795,12.795,R.Principal,4
210353,-11.80036,-77.173994,6.92,6.92,R.Principal,4
210353,-11.7848299,-77.1570817,38.78,38.78,R.Principal,4
210353,-11.78011,-77.16239,2.2,2.2,R.Principal,4
210354,-11.98573,-76.99854,19.8,19.8,R.Principal,3
210354,-11.984701,-77.00643,7.24,7.24,R.Principal,3
210354,-11.96023,-76.98373,3.7399999999999998,3.7399999999999998,R.Principal,3
210354,-11.9683109,-76.9928485,14.4,14.4,R.Principal,3
210354,-11.970507,-76.992908,4.94,4.94,R.Principal,3
210354,-11.967918,-76.992211,1.3199999999999998,1.3199999999999998,R.Principal,3
210354,-11.96877,-76.99316,0.3,0.3,R.Principal,3
210354,-11.959807,-76.985877,1.515,1.515,R.Principal,3
210354,-11.9680509,-76.9922063,21.3,21.3,R.Principal,3
210354,-11.96011,-76.97759,1.45,1.45,R.Principal,3
210354,-11.9651508,-76.9752406,8.015,8.015,R.Principal,3
210354,-11.966711,-76.983186,1.0,1.0,R.Principal,3
210354,-11.956662,-76.980104,3.2600000000000002,3.2600000000000002,R.Principal,3
210354,-11.9603374,-76.9805289,0.9,0.9,R.Principal,3
210354,-11.980735,-76.986229,1.08,1.08,R.Principal,3
210354,-11.9604859,-76.9836471,3.84,3.84,R.Principal,3
210354,-11.962634,-76.981402,9.38,9.38,R.Principal,3
210354,-11.9606682,-76.983685,33.0,33.0,R.Principal,3
210354,-11.98068,-76.98611,4.6,4.6,R.Principal,3
210354,-11.9648974,-76.9749194,2.1,2.1,R.Principal,3
210354,-11.9631,-76.97836,5.29,5.29,R.Principal,3
210354,-11.9736,-76.99423,0.72,0.72,R.Principal,3
210354,-11.979342,-76.98574,0.56,0.56,R.Principal,3
210354,-11.96522,-76.97465,3.9299999999999997,3.9299999999999997,R.Principal,3
210354,-11.9610004,-76.9793914,5.0,5.0,R.Principal,3
210354,-11.96496,-76.97569,2.38,2.38,R.Principal,3
210354,-11.98196,-76.97764,2.16,2.16,R.Principal,3
210354,-11.96781,-76.98521,6.04,6.04,R.Principal,3
210354,-11.97513401,-76.98986745,12.200000000000001,12.200000000000001,R.Principal,3
210354,-11.9670086,-76.9705245,3.9,3.9,R.Principal,3
210354,-11.96473,-76.96828,2.16,2.16,R.Principal,3
210354,-11.96537,-76.97175,2.57,2.57,R.Principal,3
210354,-11.9648912,-76.9771893,3.715,3.715,R.Principal,3
210354,-11.9610004,-76.9793914,2.888,2.888,R.Principal,3
210354,-11.97186,-76.98774,0.6,0.6,R.Principal,3
210354,-11.96676,-76.98323,2.64,2.64,R.Principal,3
210354,-11.9680437,-76.9852964,2.37,2.37,R.Principal,3
210354,-11.96284,-76.98083,3.4699999999999998,3.4699999999999998,R.Principal,3
210354,-11.98172,-76.97794,3.18,3.18,R.Principal,3
210354,-11.96973,-76.98842,1.9999999999999998,1.9999999999999998,R.Principal,3
210354,-11.972587,-76.988284,4.82,4.82,R.Principal,3
210354,-11.9658659,-76.9756918,2.08,2.08,R.Principal,3
210354,-11.9774576,-76.9916211,6.405,6.405,R.Principal,3
210354,-11.96711,-76.98266,6.8999999999999995,6.8999999999999995,R.Principal,3
210354,-11.96865,-76.99316,11.415000000000001,11.415000000000001,R.Principal,3
210354,-11.96559,-76.9746,2.26,2.26,R.Principal,3
210354,-11.97757,-76.98745,13.538,13.538,R.Principal,3
210354,-11.971557,-76.989845,27.294999999999998,27.294999999999998,R.Principal,3
210354,-11.96735,-76.98467,0.56,0.56,R.Principal,3
210354,-11.96824,-76.99225,0.68,0.68,R.Principal,3
210354,-11.97257,-76.98615,1.6400000000000001,1.6400000000000001,R.Principal,3
210354,-11.9753791,-76.9899049,2.56,2.56,R.Principal,3
210354,-11.96944,-76.99308,48.0,48.0,R.Principal,0
210354,-11.9658437,-76.9725494,9.6,9.6,R.Principal,3
210354,-11.96492,-76.97564,1.7,1.7,R.Principal,3
210354,-11.98034,-76.98074,3.76,3.76,R.Principal,3
210354,-11.9791299,-76.9892863,2.378,2.378,R.Principal,3
210354,-11.97435,-76.99174,1.84,1.84,R.Principal,3
210354,-11.95729,-76.97915,1.6800000000000002,1.6800000000000002,R.Principal,3
210354,-11.9604781,-76.9836464,0.6,0.6,R.Principal,3
210354,-11.96437,-76.97009,1.7200000000000002,1.7200000000000002,R.Principal,3
210354,-11.96774,-76.98935,1.84,1.84,R.Principal,3
210354,-11.97582,-76.98981,0.96,0.96,R.Principal,3
210354,-11.972191,-76.992071,1.3,1.3,R.Principal,3
210354,-11.9663677,-76.983986,2.185,2.185,R.Principal,3
210354,-11.967464,-76.992688,5.78,5.78,R.Principal,3
210354,-11.963167,-76.977556,0.6,0.6,R.Principal,3
210354,-11.9630241,-76.9773605,0.6,0.6,R.Principal,3
210354,-11.96651434,-76.97465836,3.15,3.15,R.Principal,3
210354,-11.96593,-76.97344,0.6,0.6,R.Principal,3
210354,-11.98167,-76.97897,1.13,1.13,R.Principal,3
210354,-11.9652477,-76.9853236,2.5999999999999996,2.5999999999999996,R.Principal,3
210354,-11.9605794,-76.9836009,3.18,3.18,R.Principal,3
210354,-11.9606487,-76.98348,1.68,1.68,R.Principal,3
210354,-11.9661319,-76.9839161,2.24,2.24,R.Principal,3
210355,-12.02549,-77.009449,33.92,33.92,R.Principal,0
210355,-12.025543,-77.000248,6.68,6.68,R.Principal,12
210355,-12.010343,-77.004739,6.08,6.08,R.Principal,12
210355,-12.008638,-77.00517,1.8800000000000001,1.8800000000000001,R.Principal,12
210355,-12.0118,-77.00553,1.6,1.6,R.Principal,12
210355,-12.02147,-77.0064,3.2399999999999998,3.2399999999999998,R.Principal,12
210355,-12.02618,-77.01463,17.294999999999998,17.294999999999998,R.Principal,12
210355,-12.01055,-77.00971,3.22,3.22,R.Principal,12
210355,-12.01787,-77.01012,12.535,12.535,R.Principal,12
210355,-12.03054,-77.01281,9.32,9.32,R.Principal,12
210355,-12.007603,-77.012287,36.84,36.84,R.Principal,0
210355,-12.0175476,-77.0096767,12.885,12.885,R.Principal,12
210355,-12.007278,-77.007633,6.8,6.8,R.Principal,12
210355,-12.02685,-77.01379,4.104,4.104,R.Principal,12
210355,-12.00743,-77.00933,2.2199999999999998,2.2199999999999998,R.Principal,12
210355,-12.017674,-77.010098,64.12500000000001,64.12500000000001,R.Principal,0
210355,-12.018646,-77.011387,11.095,11.095,R.Principal,12
210355,-12.008842,-77.007684,4.77,4.77,R.Principal,12
210355,-12.01113,-77.00839,0.3,0.3,R.Principal,12
210355,-12.01946,-77.00754,4.2,4.2,R.Principal,12
210355,-12.01017,-77.00584,2.64,2.64,R.Principal,12
210355,-12.0255421,-77.0102098,4.02,4.02,R.Principal,12
210355,-12.018312,-77.0062802,0.3,0.0,R.Principal,12
210355,-12.01054,-77.009981,1.575,1.575,R.Principal,12
210355,-12.0124686,-77.0037151,1.275,1.275,R.Principal,12
210355,-12.0305183,-77.0128104,48.449999999999996,48.449999999999996,R.Principal,0
210355,-12.02063,-77.00725,2.415,2.415,R.Principal,12
210355,-12.0109671,-77.008313,0.9049999999999998,0.9049999999999998,R.Principal,12
210355,-12.0103296,-77.0126502,30.145,30.145,R.Principal,12
210355,-12.01114683,-77.00722071,1.2999999999999998,1.2999999999999998,R.Principal,12
210355,-12.01063,-77.01238,11.32,11.32,R.Principal,12
210355,-12.0091,-77.01181,10.26,10.26,R.Principal,12
210355,-12.025189,-77.012939,2.7199999999999998,2.7199999999999998,R.Principal,12
210355,-12.0095689,-77.012158,13.2,13.2,R.Principal,12
210355,-12.00786,-77.01509,3.92,3.92,R.Principal,12
210355,-12.00787,-77.00863,2.31,2.31,R.Principal,12
210355,-12.00747,-77.00962,1.12,1.12,R.Principal,12
210355,-12.00803,-77.00991,1.7399999999999998,1.7399999999999998,R.Principal,12
210355,-12.02442,-77.01677,5.34,5.34,R.Principal,12
210355,-12.02603,-77.01563,0.3,0.0,R.Principal,12
210355,-12.00818363,-77.01441131,0.3,0.3,R.Principal,12
210355,-12.024996,-77.011819,3.38,3.38,R.Principal,12
210355,-12.00776,-77.01633,2.0300000000000002,2.0300000000000002,R.Principal,12
210355,-12.026733,-77.017356,48.559999999999995,48.559999999999995,R.Principal,0
210355,-12.01159,-77.01236,2.1399999999999997,2.1399999999999997,R.Principal,12
210355,-12.026297,-77.01938,5.68,5.68,R.Principal,12
210355,-12.00851,-77.0057,1.38,1.38,R.Principal,12
210355,-12.01035,-77.0082,2.76,2.76,R.Principal,12
210355,-12.0304241,-77.0128006,6.0,6.0,R.Principal,12
210355,-12.02618,-77.01461,0.3,0.0,R.Principal,12
210355,-12.02052,-77.00753,3.5,3.5,R.Principal,12
210355,-12.019471,-77.008267,3.0,3.0,R.Principal,12
210355,-12.0080429,-77.0136778,3.4099999999999997,3.4099999999999997,R.Principal,12
210355,-12.01838,-77.011638,0.3,0.0,R.Principal,12
210355,-12.008658,-77.0063518,1.085,1.085,R.Principal,12
210355,-12.01759,-77.01001,0.3,0.0,R.Principal,12
210355,-12.0096624,-77.0065891,3.3600000000000003,3.3600000000000003,R.Principal,12
210355,-12.010448,-77.0067826,5.59,5.59,R.Principal,12
210355,-12.0198957,-77.0059475,1.2,1.2,R.Principal,12
210355,-12.0177646,-77.0101491,2.95,2.95,R.Principal,12
210356,-12.04236,-76.97811,4.7700000000000005,4.7700000000000005,R.Principal,1
210356,-12.044,-76.97906,0.915,0.915,R.Principal,1
210356,-12.043344,-76.979426,36.04,36.04,R.Principal,0
210356,-12.054685,-76.978572,6.5,6.5,R.Principal,1
210356,-12.051967,-76.978809,5.34,5.34,R.Principal,1
210356,-12.05174,-76.97858,3.82,3.82,R.Principal,1
210356,-12.0533287,-76.9761283,9.64,9.64,R.Principal,1
210356,-12.0543738,-76.9806688,7.6,7.6,R.Principal,1
210356,-12.05049,-76.97652,0.9,0.9,R.Principal,1
210356,-12.046262,-76.977969,1.41,1.41,R.Principal,1
210356,-12.049638,-76.971394,4.6,4.6,R.Principal,1
210356,-12.0520359,-76.9741728,2.275,2.275,R.Principal,1
210356,-12.05232,-76.9726,2.6950000000000003,2.6950000000000003,R.Principal,1
210356,-12.05011,-76.97175,0.3,0.3,R.Principal,1
210356,-12.04489,-76.97915,21.75,21.75,R.Principal,1
210356,-12.0457848,-76.9763116,1.7,1.7,R.Principal,1
210356,-12.049309,-76.974594,12.82,12.82,R.Principal,1
210356,-12.048445,-76.971437,6.3500000000000005,6.3500000000000005,R.Principal,1
210356,-12.045467,-76.974346,4.800000000000001,4.800000000000001,R.Principal,1
210356,-12.045454,-76.978595,3.54,3.54,R.Principal,1
210356,-12.04792,-76.97282,0.3,0.3,R.Principal,1
210356,-12.04761,-76.97363,1.7999999999999998,1.7999999999999998,R.Principal,1
210356,-12.05148,-76.97184,0.3,0.3,R.Principal,1
210356,-12.048762,-76.9714382,17.5,17.5,R.Principal,1
210356,-12.049978,-76.97219,5.33,5.33,R.Principal,1
210356,-12.051025,-76.972308,0.3,0.3,R.Principal,1
210356,-12.04961,-76.97126,9.04,9.04,R.Principal,1
210356,-12.0495,-76.97082,8.72,8.72,R.Principal,1
210356,-12.0442238,-76.9722786,1.075,1.075,R.Principal,1
210356,-12.047019,-76.973494,4.359999999999999,4.359999999999999,R.Principal,1
210356,-12.05119,-76.972281,1.92,1.92,R.Principal,1
210356,-12.0457173,-76.9708216,0.3,0.3,R.Principal,1
210356,-12.04711,-76.97309,18.060000000000002,18.060000000000002,R.Principal,1
210356,-12.04432,-76.97744,6.655,6.655,R.Principal,1
210356,-12.049806,-76.971652,11.5,11.5,R.Principal,1
210356,-12.048,-76.97077,0.845,0.845,R.Principal,1
210356,-12.04604,-76.97135,3.0599999999999996,3.0599999999999996,R.Principal,1
210356,-12.04562,-76.96947,2.22,2.22,R.Principal,1
210356,-12.04602,-76.97959,0.72,0.72,R.Principal,1
210356,-12.04968,-76.97658,1.0,1.0,R.Principal,1
210356,-12.049788,-76.971133,5.0,5.0,R.Principal,1
210356,-12.0498655,-76.9768794,1.52,1.52,R.Principal,1
210356,-12.0617536,-76.9983911,2.92,2.92,R.Principal,1
210356,-12.059385,-76.990142,2.33,2.33,R.Principal,1
210356,-12.060299,-76.993867,5.795000000000001,5.795000000000001,R.Principal,1
210356,-12.061433,-76.996196,2.455,2.455,R.Principal,1
210356,-12.0598422,-76.9935214,1.24,1.24,R.Principal,1
210356,-12.06367,-76.99542,80.0,80.0,R.Principal,7
210356,-12.059974,-76.99282,4.12,4.12,R.Principal,1
210356,-12.060034,-76.99429,3.56,3.56,R.Principal,1
210356,-12.062017,-76.996533,11.440000000000001,11.440000000000001,R.Principal,1
210356,-12.0614367,-76.991786,8.850000000000001,8.850000000000001,R.Principal,1
210356,-12.061194,-76.9933,1.8900000000000001,1.8900000000000001,R.Principal,1
210356,-12.06374,-76.99526,3.0,3.0,R.Principal,1
210356,-12.062006,-76.99377,4.0600000000000005,4.0600000000000005,R.Principal,1
210356,-12.062016,-76.996415,2.775,2.775,R.Principal,1
210356,-12.0617572,-76.9881275,1.1400000000000001,1.1400000000000001,R.Principal,1
210356,-12.060754,-76.989873,2.515,2.515,R.Principal,1
210356,-12.063761,-76.99477,40.0,40.0,R.Principal,0
210356,-12.0621237,-76.9984283,3.38,3.38,R.Principal,1
210356,-12.0621713,-76.9982328,3.34,3.34,R.Principal,1
210356,-12.0616843,-76.9884137,1.1,1.1,R.Principal,1
210356,-12.0624338,-76.9831647,12.55,12.55,R.Principal,1
210356,-12.062074,-76.998183,2.82,2.82,R.Principal,1
210356,-12.06176,-76.99234,1.8800000000000001,1.8800000000000001,R.Principal,1
210356,-12.0605359,-76.9938202,2.7,2.7,R.Principal,1
210356,-12.06016014,-76.98030398,6.51,6.51,R.Principal,1
210356,-12.0615633,-76.994705,3.2100000000000004,3.2100000000000004,R.Principal,1
210356,-12.0608757,-76.9915515,5.5600000000000005,5.5600000000000005,R.Principal,1
210356,-12.06133,-76.99182,2.0,2.0,R.Principal,1
210356,-12.0627982,-76.9980733,10.86,10.86,R.Principal,1
210357,-12.0249585,-76.9109217,3.4,3.4,R.Principal,8
210357,-12.02562,-76.91168,3.0,3.0,R.Principal,8
210357,-12.0262,-76.91263,8.290000000000001,8.290000000000001,R.Principal,8
210357,-12.0342945,-76.9041143,1.08,1.08,R.Principal,8
210357,-12.0274837,-76.9028081,0.3,0.3,R.Principal,8
210357,-12.02494,-76.90364,2.6500000000000004,2.6500000000000004,R.Principal,8
210357,-12.02475,-76.90284,10.099999999999998,10.099999999999998,R.Principal,8
210357,-12.031793,-76.904759,37.995,37.995,R.Principal,8
210357,-12.02452,-76.90128,6.42,6.42,R.Principal,8
210357,-12.0390134,-76.9050043,0.9400000000000001,0.9400000000000001,R.Principal,8
210357,-12.024827,-76.912246,1.575,1.575,R.Principal,8
210357,-12.03424969,-76.90389538,2.4,2.4,R.Principal,8
210357,-12.034256,-76.904739,16.0,16.0,R.Principal,8
210357,-12.0259912,-76.9114077,4.859999999999999,4.859999999999999,R.Principal,8
210357,-12.024843,-76.902244,9.58,9.58,R.Principal,8
210357,-12.0343674,-76.9040553,18.4,18.4,R.Principal,8
210357,-12.03526,-76.90465,0.3,0.3,R.Principal,8
210357,-12.0354673,-76.9048833,3.3599999999999994,3.3599999999999994,R.Principal,8
210357,-12.02541,-76.91202,3.02,3.02,R.Principal,8
210357,-12.02666,-76.91616,12.379999999999999,12.379999999999999,R.Principal,8
210357,-12.0266,-76.91283,2.54,2.54,R.Principal,8
210357,-12.026,-76.91284,2.42,2.42,R.Principal,8
210357,-12.0387225,-76.9046174,13.195000000000002,13.195000000000002,R.Principal,8
210357,-12.024674,-76.912488,3.45,3.45,R.Principal,8
210357,-12.024285,-76.916145,3.45,3.45,R.Principal,8
210357,-12.02678,-76.91263,11.48,11.48,R.Principal,8
210357,-12.0253777,-76.9143189,1.05,1.05,R.Principal,8
210357,-12.0268884,-76.9172932,6.470000000000001,6.470000000000001,R.Principal,8
210357,-12.02407778,-76.9161178,5.185,5.185,R.Principal,8
210357,-12.02749,-76.91721,0.3,0.3,R.Principal,8
210357,-12.0343852,-76.905102,1.76,1.76,R.Principal,8
210357,-12.0272962,-76.9125217,0.3,0.3,R.Principal,8
210357,-12.034343,-76.904373,2.16,2.16,R.Principal,8
210357,-12.027267,-76.912692,3.3,3.3,R.Principal,8
210357,-12.024307,-76.916068,3.0,3.0,R.Principal,8
210357,-12.031444,-76.9039114,0.3,0.3,R.Principal,8
210357,-12.0238703,-76.8971128,2.8850000000000002,2.8850000000000002,R.Principal,8
210357,-12.0250102,-76.9041929,2.3200000000000003,2.3200000000000003,R.Principal,8
210357,-12.0265985,-76.9108324,0.3,0.3,R.Principal,8
210358,-12.0577403,-76.9688585,2.24,2.24,R.Principal,6
210358,-12.054873,-76.94033400000001,17.015,17.015,R.Principal,6
210358,-12.053764,-76.940073,18.095,18.095,R.Principal,6
210358,-12.062148,-76.941059,10.0,10.0,R.Principal,6
210358,-12.0511793,-76.9518717,5.09,5.09,R.Principal,6
210358,-12.06314,-76.96915,0.6,0.6,R.Principal,6
210358,-12.0513,-76.95108,2.28,2.28,R.Principal,6
210358,-12.0503,-76.95198,1.1400000000000001,1.1400000000000001,R.Principal,6
210358,-12.0511624,-76.9507721,2.02,2.02,R.Principal,6
210358,-12.0510975,-76.951855,2.3,2.3,R.Principal,6
210358,-12.0507514,-76.9527355,9.3,9.3,R.Principal,6
210358,-12.05112,-76.95191,0.84,0.84,R.Principal,6
210358,-12.053161,-76.947857,0.3,0.3,R.Principal,6
210358,-12.05468,-76.94845,2.635,2.635,R.Principal,6
210358,-12.051673,-76.955111,1.92,1.92,R.Principal,6
210358,-12.05351,-76.95152,3.835,3.835,R.Principal,6
210358,-12.0506117,-76.9521399,0.6799999999999999,0.6799999999999999,R.Principal,6
210358,-12.0530218,-76.9523697,1.8900000000000001,1.8900000000000001,R.Principal,6
210358,-12.0565919,-76.9582484,0.6,0.6,R.Principal,6
210358,-12.0554854,-76.9595699,2.49,2.49,R.Principal,6
210358,-12.0524696,-76.94738,3.1799999999999997,3.1799999999999997,R.Principal,6
210358,-12.052507,-76.951796,21.759999999999998,21.759999999999998,R.Principal,6
210358,-12.051747,-76.949364,0.8600000000000001,0.8600000000000001,R.Principal,6
210358,-12.057026,-76.956809,2.3,2.3,R.Principal,6
210358,-12.06289175,-76.96555522,0.9,0.9,R.Principal,6
210358,-12.056449,-76.955701,1.9100000000000001,1.9100000000000001,R.Principal,6
210358,-12.0523137,-76.9495448,3.0300000000000002,3.0300000000000002,R.Principal,6
210358,-12.05149,-76.95533,2.1,2.1,R.Principal,6
210358,-12.0510694,-76.9513972,4.86,4.86,R.Principal,6
210358,-12.0554872,-76.959202,6.045,6.045,R.Principal,6
210358,-12.05464,-76.94837,13.375,13.375,R.Principal,6
210358,-12.05698,-76.95766,3.87,3.87,R.Principal,6
210358,-12.0575654,-76.9578998,1.1600000000000001,1.1600000000000001,R.Principal,6
210358,-12.0536224,-76.948998,4.39,4.39,R.Principal,6
210358,-12.055389,-76.958631,2.4,2.4,R.Principal,6
210358,-12.05354,-76.94379,0.3,0.3,R.Principal,6
210358,-12.055036,-76.957183,1.835,1.835,R.Principal,6
210358,-12.05567,-76.95879,5.34,5.34,R.Principal,6
210358,-12.051861,-76.949599,0.7350000000000001,0.7350000000000001,R.Principal,6
210358,-12.05576,-76.95663,1.608,1.608,R.Principal,6
210358,-12.0554874,-76.9593251,2.7,2.7,R.Principal,6
210358,-12.0557558,-76.9585034,2.54,2.54,R.Principal,6
210358,-12.053,-76.9432,1.2550000000000001,1.2550000000000001,R.Principal,6
210358,-12.063188,-76.963447,2.0,2.0,R.Principal,6
210358,-12.05935,-76.96852,1.85,1.85,R.Principal,6
210358,-12.05545,-76.95766,3.4600000000000004,3.4600000000000004,R.Principal,6
210358,-12.0557236,-76.9553121,2.24,2.24,R.Principal,6
210358,-12.05429,-76.95948,0.6,0.6,R.Principal,6
210358,-12.0556,-76.95628,1.76,1.76,R.Principal,6
210358,-12.0555971,-76.9592172,0.6,0.6,R.Principal,6
210358,-12.0513629,-76.9517052,2.13,2.13,R.Principal,6
210358,-12.0536034,-76.9522927,0.3,0.3,R.Principal,6
210358,-12.0519478,-76.9507621,0.3,0.3,R.Principal,6
210358,-12.063853,-76.956071,2.925,2.925,R.Principal,6
210358,-12.06169,-76.95297,1.08,1.08,R.Principal,6
210358,-12.063663,-76.953692,0.9,0.9,R.Principal,6
210358,-12.06638,-76.95593,7.6,7.6,R.Principal,6
210358,-12.0652204,-76.9533382,4.28,4.28,R.Principal,6
210358,-12.066095,-76.955631,1.21,1.21,R.Principal,6
210358,-12.065218,-76.950393,35.74500000000001,35.74500000000001,R.Principal,6
210358,-12.0655026,-76.9551925,3.2800000000000002,3.2800000000000002,R.Principal,6
210358,-12.06494,-76.9534,1.09,1.09,R.Principal,6
210358,-12.063645,-76.955236,18.0,18.0,R.Principal,6
210358,-12.063115,-76.95428,18.415,18.415,R.Principal,6
210358,-12.06572,-76.95924,6.0,6.0,R.Principal,6
210358,-12.0651123,-76.9534269,25.37,25.37,R.Principal,6
210359,-12.085992,-76.889137,0.3,0.3,R.Principal,17
210359,-12.089322,-76.887814,6.43,6.43,R.Principal,17
210359,-12.086172,-76.890179,0.2,0.2,R.Principal,17
210359,-12.08573,-76.88851,2.72,2.72,R.Principal,17
210359,-12.0861627,-76.8895924,4.08,4.08,R.Principal,17
210359,-12.11255,-76.87341,2.16,2.16,R.Principal,17
210359,-12.113543,-76.870949,2.0,2.0,R.Principal,17
210359,-12.123886,-76.8725402,3.32,3.32,R.Principal,17
210359,-12.112072,-76.872371,39.199999999999996,39.199999999999996,R.Principal,17
210359,-12.11316,-76.87052,7.2,7.2,R.Principal,17
210359,-12.11235,-76.87263,3.44,3.44,R.Principal,17
210359,-12.1134603,-76.8708237,5.74,5.74,R.Principal,17
210359,-12.113463,-76.871078,2.0,2.0,R.Principal,17
210359,-12.11222,-76.8721658,65.60000000000001,65.60000000000001,R.Principal,7
210359,-12.11336,-76.87022,9.2,9.2,R.Principal,17
210359,-12.113385,-76.871018,13.530000000000001,13.530000000000001,R.Principal,17
210359,-12.1136598,-76.8705714,3.85,3.85,R.Principal,17
210359,-12.11041,-76.8725,41.5,41.5,R.Principal,17
210359,-12.112795,-76.873439,10.004999999999999,10.004999999999999,R.Principal,17
210359,-12.123761,-76.872867,2.62,2.62,R.Principal,17
210359,-12.0837652,-76.8784984,10.879999999999999,10.879999999999999,R.Principal,17
210359,-12.1237932,-76.8727617,3.1,3.1,R.Principal,17
210359,-12.11224,-76.87209,7.2,7.2,R.Principal,17
210359,-12.11373,-76.8705,7.2,7.2,R.Principal,17
210359,-12.1180826,-76.8727525,2.14,2.14,R.Principal,17
210359,-12.1169213,-76.8728626,1.2,1.2,R.Principal,17
210359,-12.1556982,-76.8847127,5.872,5.872,R.Principal,17
210359,-12.112007,-76.8718012,20.5,20.5,R.Principal,17
210360,-11.9848633,-76.8354807,5.74,5.74,R.Principal,10
210360,-11.9865817,-76.8341359,2.37,2.37,R.Principal,10
210360,-11.9861359,-76.8343073,3.3,3.3,R.Principal,10
210360,-11.98611,-76.8198,0.76,0.76,R.Principal,10
210360,-11.9756972,-76.7905535,2.49,2.49,R.Principal,10
210360,-11.9864547,-76.8351168,3.0,3.0,R.Principal,10
210360,-11.9757491,-76.7862698,9.365,9.365,R.Principal,10
210360,-11.97661,-76.7907,1.0,1.0,R.Principal,10
210360,-11.975857,-76.791139,4.825,4.825,R.Principal,10
210360,-11.993697,-76.82103,1.575,1.575,R.Principal,10
210360,-11.992096,-76.821645,18.115,18.115,R.Principal,10
210360,-11.986459,-76.819881,42.760000000000005,42.760000000000005,R.Principal,10
210360,-11.9863,-76.81961,5.92,5.92,R.Principal,10
210360,-11.97861,-76.784611,4.14,4.14,R.Principal,10
210360,-11.9885721,-76.8189886,5.57,5.57,R.Principal,10
210360,-11.9935121,-76.8198477,2.0,2.0,R.Principal,10
210360,-11.986475,-76.813094,1.72,1.72,R.Principal,10
210360,-11.986376,-76.8128832,11.8,11.8,R.Principal,10
210360,-11.986483,-76.813024,16.5,16.5,R.Principal,10
210360,-11.99359,-76.82104,3.26,3.26,R.Principal,10
210360,-11.9880271,-76.8191706,14.169,14.169,R.Principal,10
210360,-11.98678,-76.819522,10.120000000000001,10.120000000000001,R.Principal,10
210360,-11.98602,-76.81948,7.92,0.42,R.Principal,10
210360,-11.9782342,-76.7846479,1.08,1.08,R.Principal,10
210360,-11.985246,-76.806956,16.63,16.63,R.Principal,10
210360,-11.98637,-76.81274,1.92,1.92,R.Principal,10
210360,-11.9861,-76.81295,8.0,8.0,R.Principal,10
210360,-11.985576,-76.806995,1.5599999999999998,1.5599999999999998,R.Principal,10
210360,-11.978595,-76.7841,2.08,2.08,R.Principal,10
210360,-11.98644,-76.813096,4.8,4.8,R.Principal,10
210360,-11.978607,-76.7846,16.755,16.755,R.Principal,10
210360,-11.99679,-76.82141,1.68,1.68,R.Principal,10
210360,-11.9869368,-76.8164927,7.540000000000001,7.540000000000001,R.Principal,10
210360,-11.986438,-76.813095,3.55,3.55,R.Principal,10
210360,-11.985785,-76.806734,4.569999999999999,4.569999999999999,R.Principal,10
210360,-11.98744,-76.79625,3.0,3.0,R.Principal,10
210360,-11.978616,-76.784358,4.84,4.84,R.Principal,10
210360,-11.987692,-76.819405,6.09,6.09,R.Principal,10
210360,-11.978625,-76.784417,2.28,2.28,R.Principal,10
210360,-11.9918187,-76.8218927,2.28,2.28,R.Principal,10
210368,-12.02202,-77.10794,72.57000000000001,72.57000000000001,R.Principal,0
210368,-12.0240632,-77.1120253,55.0,55.0,R.Principal,0
210368,-12.02405,-77.11422,6.0,6.0,R.Principal,5
210368,-12.0081314,-77.0980147,1.94,1.94,R.Principal,5
210368,-12.0374297,-77.0910103,0.8999999999999999,0.8999999999999999,R.Principal,5
210368,-11.9876653,-77.0841894,1.96,1.96,R.Principal,5
210368,-12.02432,-77.05333,25.0,25.0,R.Principal,5
210368,-11.972534,-77.102578,43.86,43.86,R.Principal,0
210368,-12.0247549,-77.0518498,1.5,1.5,R.Principal,5
210368,-12.02731,-77.04796,1.94,1.94,R.Principal,5
210368,-11.9866546,-77.0695293,20.0,20.0,R.Principal,5
210368,-11.9902898,-77.0716089,1.3399999999999999,1.3399999999999999,R.Principal,5
210368,-11.9894894,-77.0647812,1.64,1.64,R.Principal,5
210368,-11.9882899,-77.0648631,22.25,22.25,R.Principal,5
210368,-11.9899413,-77.0625825,7.6,7.6,R.Principal,5
210368,-12.00684,-77.05901,8.0,8.0,R.Principal,5
210368,-12.00739,-77.06054,43.260000000000005,43.260000000000005,R.Principal,0
210368,-12.00659,-77.06046,52.800000000000004,52.800000000000004,R.Principal,0
210368,-12.00231,-77.05678,0.6,0.6,R.Principal,5
210368,-11.98918,-77.05786,1.7999999999999998,1.7999999999999998,R.Principal,5
210368,-12.0064119,-77.0579682,1.0,1.0,R.Principal,5
210368,-11.98994,-77.06477,12.0,12.0,R.Principal,5
210368,-12.0063889,-77.0591468,5.0,5.0,R.Principal,5
210368,-11.9914,-77.06648,12.0,12.0,R.Principal,5
210369,-12.12564,-76.982329,7.34,7.34,R.Principal,19
210369,-12.1128589,-76.9912417,8.0,8.0,R.Principal,19
210369,-12.11005,-76.97897,49.4,49.4,R.Principal,0
210369,-12.1307941,-77.0092297,10.0,10.0,R.Principal,19
210369,-12.1209,-76.988,26.820000000000004,26.820000000000004,R.Principal,19
210369,-12.145157,-77.011137,10.0,10.0,R.Principal,19
210369,-12.1348491,-76.9887667,4.5,4.5,R.Principal,19
210369,-12.1280527,-76.9944263,17.700000000000003,17.700000000000003,R.Principal,19
210369,-12.1495107,-76.9868175,1.7999999999999998,1.7999999999999998,R.Principal,19
210369,-12.12158,-76.99548,5.82,5.82,R.Principal,19
210369,-12.11124,-76.98678,16.5,16.5,R.Principal,19
210369,-12.1307,-76.9801,20.0,20.0,R.Principal,19
210369,-12.1397369,-77.0175521,15.269999999999998,15.269999999999998,R.Principal,19
210370,-12.1010587,-76.9715638,11.0,11.0,R.Secundario,19
210370,-12.0436949,-76.97959,37.35,37.35,R.Secundario,0
210370,-12.0570688,-76.9711728,4.0,4.0,R.Secundario,19
210370,-12.05517,-76.96814,12.0,12.0,R.Secundario,19
210370,-12.05699,-76.96135,140.0,140.0,R.Secundario,7
210370,-12.07052,-76.98131,27.0,27.0,R.Secundario,19
210370,-12.02388,-76.91354,0.8999999999999999,0.8999999999999999,R.Secundario,8
210370,-12.026816,-76.918014,1.64,1.64,R.Secundario,8
210370,-12.0638255,-76.9605353,12.580000000000004,12.580000000000004,R.Secundario,19
210371,-12.092,-76.97358,17.28,17.28,R.Principal,19
210371,-12.10018,-76.9719,12.0,12.0,R.Principal,19
210371,-12.08615,-76.97985,35.0,35.0,R.Principal,19
210371,-12.10222,-76.9659,2.25,2.25,R.Principal,19
210371,-12.08632,-76.97909,30.0,30.0,R.Principal,19
210371,-12.08545,-76.97517,0.6,0.6,R.Principal,19
210371,-12.1072714,-76.973933,9.0,9.0,R.Principal,19
210371,-12.0851862,-76.9766279,12.0,12.0,R.Principal,19
210371,-12.0885766,-77.0047469,59.5,59.5,R.Principal,0
210371,-12.11056,-76.99622,15.0,15.0,R.Principal,19
210371,-12.1016874,-76.9942881,26.35,26.35,R.Principal,19
210371,-12.11079,-76.99297,98.89999999999999,98.89999999999999,R.Principal,7
210371,-12.101009,-76.9936635,5.640000000000001,5.640000000000001,R.Principal,19
210371,-12.0899576,-76.9959301,16.380000000000003,16.380000000000003,R.Principal,19
210371,-12.0907439,-77.0053315,21.0,21.0,R.Principal,19
210371,-12.1065186,-77.0013175,0.6,0.6,R.Principal,19
210371,-12.09518,-76.99523,20.629999999999995,20.629999999999995,R.Principal,19
210371,-12.0983337,-76.9952177,3.16,3.16,R.Principal,19
210371,-12.10048,-77.00021,6.5,6.5,R.Principal,19
210371,-12.0909713,-76.9916197,8.0,8.0,R.Principal,19
210371,-12.0728,-77.02341,3.5,3.5,R.Principal,19
210371,-12.0668934,-77.0289507,16.58,16.58,R.Principal,19
210371,-12.08897,-77.02009,8.64,8.64,R.Principal,19
210371,-12.08897,-77.02009,5.0,5.0,R.Principal,19
210371,-12.07013,-76.99517,104.5,104.5,R.Principal,7
210371,-12.0749875,-76.9935442,11.860000000000003,11.860000000000003,R.Principal,19
210372,-12.0573056,-77.0368103,285.0,285.0,R.Principal,14
210372,-12.0544803,-77.056442,198.0,198.0,R.Principal,14
210372,-12.0764721,-77.0909725,131.0,131.0,R.Principal,7
210372,-12.083169,-77.085243,45.0,45.0,R.Principal,0
210372,-12.08736,-77.07784,14.5,14.5,R.Principal,20
210372,-12.0748471,-77.0828017,28.0,28.0,R.Principal,20
210372,-12.0868899,-77.0933643,5.4,5.4,R.Principal,20
210372,-12.06354,-77.08077,2.2399999999999998,2.2399999999999998,R.Principal,20
210372,-12.07832,-77.08643,18.0,18.0,R.Principal,20
210372,-12.08325,-77.09626,27.73,27.73,R.Principal,20
210372,-12.07756,-77.08264,6.0,6.0,R.Principal,20
210372,-12.06992752,-77.0919272,5.359999999999999,5.359999999999999,R.Principal,20
210372,-12.0781008,-77.0936321,1.2,1.2,R.Principal,20
210372,-12.0741823,-77.0551719,10.0,10.0,R.Principal,20
210372,-12.0719809,-77.0580139,9.180000000000001,9.180000000000001,R.Principal,20
210372,-12.0725037,-77.0662227,1.5,1.5,R.Principal,20
210372,-12.0754287,-77.0646584,6.050000000000001,6.050000000000001,R.Principal,20
210372,-12.08238,-77.06676,55.0,55.0,R.Principal,0
210372,-12.07732,-77.06411,16.0,16.0,R.Principal,20
210372,-12.08029,-77.0684,5.0,5.0,R.Principal,20
210372,-12.0768025,-77.064516,17.650000000000002,17.650000000000002,R.Principal,20
210373,-12.2343,-76.93509,105.0,105.0,R.Secundario,7
210373,-12.19308,-76.940272,20.52,20.52,R.Secundario,19
210373,-12.153311,-76.982797,12.0,12.0,R.Secundario,19
210373,-12.17055,-76.97501,385.0,385.0,R.Secundario,2
210373,-12.1394554,-76.9582688,6.2,6.2,R.Secundario,19
210373,-12.15398,-76.98284,33.0,33.0,R.Secundario,19
210373,-12.20163,-76.97568,17.6,17.6,R.Secundario,19
210373,-12.18609,-76.97668,42.56,42.56,R.Secundario,19
210373,-12.17663,-76.9751,2.0,2.0,R.Secundario,19
210373,-12.17832,-76.94681,4.8,4.8,R.Secundario,19
210374,-12.09114,-77.0734,31.0,31.0,R.Principal,20
210375,-12.13123,-77.03246,102.26,102.26,R.Principal,7
210375,-12.12472,-77.03094,10.0,10.0,R.Principal,13
210375,-12.1188225,-77.0413929,40.0,40.0,R.Principal,13
210375,-12.12966,-77.02613,0.9,0.9,R.Principal,13
210375,-12.11592,-77.04155,42.57,42.57,R.Principal,13
210375,-12.127005,-77.014324,23.0,23.0,R.Principal,13
210375,-12.113,-77.04131,79.0,79.0,R.Principal,7
210375,-12.13285,-77.02936,15.7,15.7,R.Principal,13
210375,-12.11655,-77.0474,26.64,26.64,R.Principal,13
210375,-12.13485,-77.02775,19.0,19.0,R.Principal,13
210375,-12.12227,-77.0324,103.16,103.16,R.Principal,7
210375,-12.12528,-77.03145,40.32,40.32,R.Principal,13
210375,-12.11763,-77.03877,24.35,24.35,R.Principal,13
210375,-12.12921,-77.03209,52.0,52.0,R.Principal,0
210375,-12.12979,-77.01771,11.0,11.0,R.Principal,13
210375,-12.1260953,-77.0335478,60.64,60.64,R.Principal,0
210375,-12.1199077,-77.0284269,11.0,11.0,R.Principal,13
210375,-12.1224979,-77.0316847,0.6,0.6,R.Principal,13
210375,-12.1104712,-77.0513036,28.449999999999996,28.449999999999996,R.Principal,13
210375,-12.1227383,-77.0291956,7.0,7.0,R.Principal,13
210375,-12.12058,-77.03582,1.2,1.2,R.Principal,13
210375,-12.12218,-77.02908,1.94,1.94,R.Principal,13
210375,-12.1168651,-77.029897,5.0,5.0,R.Principal,13
210375,-12.1174,-77.04407,23.639999999999997,23.639999999999997,R.Principal,13
210375,-12.12345,-77.02535,2.6,2.6,R.Principal,13
210375,-12.1262061,-77.0196845,2.14,2.14,R.Principal,13
210375,-12.1252878,-77.0234699,14.0,14.0,R.Principal,13
210375,-12.1198373,-77.0281681,5.0,5.0,R.Principal,13
210375,-12.1265171,-77.0300205,3.0,3.0,R.Principal,13
210375,-12.11917,-77.03531,48.0,0.0,R.Principal,13
210375,-12.11672,-77.02451,185.92000000000002,185.92000000000002,R.Principal,14
210375,-12.1054228,-77.0220078,7.2,7.2,R.Principal,13
210375,-12.10705,-77.02454,1.7999999999999998,1.7999999999999998,R.Principal,13
204561,-12.0485366,-77.1103532,82.9,82.10000000000001,R.Principal,7
204561,-12.060881,-77.1386887,54.04,54.04,R.Principal,0
204561,-12.061187,-77.138625,255.85099999999997,223.595,R.Principal,14
204561,-12.06124,-77.138656,11.774999999999999,11.774999999999999,R.Principal,15
204561,-12.0477899,-77.1099796,103.97500000000001,103.97500000000001,R.Principal,7
204561,-12.047757,-77.111457,80.055,80.055,R.Principal,7
204561,-12.0479486,-77.1099236,10.0,10.0,R.Principal,15
204561,-12.047824,-77.111857,36.2,36.2,R.Principal,0
204561,-12.0477022,-77.1112059,38.7,38.7,R.Principal,0
204561,-12.048077,-77.1100065,64.08000000000001,64.08000000000001,R.Principal,0
204561,-12.0477705,-77.1112827,102.92000000000002,102.92000000000002,R.Principal,7
204561,-12.0474741,-77.1113943,43.7,43.7,R.Principal,0
204561,-12.0609836,-77.1385616,12.384,12.384,R.Principal,15
204561,-12.0613882,-77.138416,2.0,2.0,R.Principal,15
204561,-12.0477632,-77.1114334,5.95,5.95,R.Principal,15
204561,-12.0489602,-77.1108359,24.0,24.0,R.Principal,15
204561,-12.0487608,-77.1103648,2.0,2.0,R.Principal,15
204621,-12.0104504,-77.0592916,42.0,22.8,R.Secundario,16
204621,-12.0104863,-77.0591474,12.0,12.0,R.Secundario,16
204621,-12.0102293,-77.0591792,30.0,30.0,R.Secundario,16
204621,-12.0103109,-77.0584461,2.0,2.0,R.Secundario,16
204621,-12.00451,-77.0715,21.6,21.6,R.Secundario,16
204621,-12.004859,-77.071503,58.575,58.575,R.Secundario,0
204621,-12.00446,-77.07151,9.0,9.0,R.Secundario,16
204621,-12.00513,-77.07211,3.3,3.3,R.Secundario,16
204621,-12.005,-77.07164,0.2,0.2,R.Secundario,16
204621,-11.981237,-77.079771,22.128,16.128,R.Secundario,16
204621,-11.98119,-77.07969,42.4,24.0,R.Secundario,16
204621,-11.9807041,-77.0789239,27.6,27.6,R.Secundario,16
204621,-11.9808244,-77.0799728,1.5,1.5,R.Secundario,16
204621,-12.004562,-77.0713923,24.474999999999998,24.474999999999998,R.Secundario,16
204621,-12.00464,-77.07187,32.375,32.375,R.Secundario,16
204621,-12.0043653,-77.0714418,25.2,25.2,R.Secundario,16
204621,-12.0045277,-77.0713928,37.305,37.305,R.Secundario,16
204621,-12.0044799,-77.0713264,1.5,1.5,R.Secundario,16
204621,-12.0047829,-77.071587,9.0,9.0,R.Secundario,16
204621,-12.0045111,-77.0715006,0.2,0.2,R.Secundario,16
210362,-11.96992,-77.09882,5.59,5.59,R.Principal,18
210362,-11.97329,-77.09004,4.875,4.875,R.Principal,18
210362,-11.96716,-77.10122,7.38,7.38,R.Principal,18
210362,-11.9683692,-77.1030985,2.38,2.38,R.Principal,18
210362,-11.96779813,-77.10237531,4.316,4.316,R.Principal,18
210362,-11.96358,-77.10192,2.96,2.96,R.Principal,18
210362,-11.97321,-77.09029,22.2,22.2,R.Principal,18
210362,-11.9668,-77.10995,14.699,14.699,R.Principal,18
210362,-11.96612,-77.10894,13.84,13.84,R.Principal,18
210362,-11.9724173,-77.094805,1.65,1.65,R.Principal,18
210362,-11.9672394,-77.1004438,2.528,2.528,R.Principal,18
210362,-11.967454,-77.1075222,3.6,3.6,R.Principal,18
210362,-11.9777248,-77.1001709,3.7600000000000002,3.7600000000000002,R.Principal,18
210362,-11.96621,-77.10906,1.78,1.78,R.Principal,18
210362,-11.9687241,-77.0968386,3.088,3.088,R.Principal,18
210362,-11.96831,-77.09741,15.919999999999998,15.919999999999998,R.Principal,18
210362,-11.97775,-77.09882,5.0,5.0,R.Principal,18
210362,-11.97741,-77.09346,22.29,22.29,R.Principal,18
210362,-11.9763643,-77.095051,4.2,4.2,R.Principal,18
210362,-11.973113,-77.091104,3.0,3.0,R.Principal,18
210362,-11.968215,-77.0981086,3.58,3.58,R.Principal,18
210362,-11.9708783,-77.093354,1.7200000000000002,1.7200000000000002,R.Principal,18
210362,-11.97452,-77.09681,6.0,6.0,R.Principal,18
210362,-11.9773404,-77.0999428,7.466,7.466,R.Principal,18
210362,-11.9721342,-77.0945223,9.36,9.36,R.Principal,18
204622,-12.0731037,-76.9527011,1.7999999999999998,1.7999999999999998,R.Secundario,19
204622,-12.08258,-76.92828,10.309999999999999,10.309999999999999,R.Secundario,19
204622,-12.1022471,-76.9365273,11.5,11.5,R.Secundario,19
204622,-12.06992,-76.95314,8.479999999999999,8.479999999999999,R.Secundario,19
204622,-12.0675851,-76.9580812,1.3199999999999998,1.3199999999999998,R.Secundario,19
204617,-12.1179261,-76.8731408,120.0,120.0,R.Secundario,7
204617,-12.1175747,-76.8731998,120.0,120.0,R.Secundario,7
